area,bedrooms,bathrooms,age,distance_to_center,school_rating,crime_rate,price
152,1,3,38,14.260921012686374,1.8439887363131484,13.730003271557024,198889.16390755805
229,3,1,49,13.327708271564129,5.375174366934317,95.23867523987246,301435.91392962413
142,5,2,34,19.320950102573544,9.286656853083718,32.88226178486093,457465.0807029071
64,2,2,0,15.22075580501566,1.3605320714562503,66.231373873072,80323.79659292422
156,1,3,23,19.01545415462676,3.623148221444145,75.18251459566811,59861.33464911769
121,3,2,35,14.05081003069614,2.867868425851331,81.19462346378835,105595.53873928072
238,3,2,5,5.9610441727888634,3.1433198829912667,94.57497022259301,321392.8583676937
70,1,3,40,2.1072984450171295,9.175910966914378,31.29195480288226,349901.8492245988
152,5,1,45,15.636477266898712,5.212621488108611,85.85064545515544,351392.1755199578
171,1,1,43,12.882984429518318,5.196694716458369,13.168690343620703,268987.8119314929
260,2,1,30,0.9637202478659246,7.8451807820975406,70.50409063535928,514169.63446177397
264,1,3,19,7.201009318019567,2.390429836044332,74.19777295139859,381841.545941741
124,3,2,23,19.135996309685723,5.385388186900457,67.77232412013204,164460.82194840166
252,1,3,24,10.008022914204025,4.869866927089538,25.2314736135153,294880.5817558
137,5,3,35,8.654582720394092,6.372196214919905,87.30431470152034,481749.9063645746
166,4,2,20,9.15399210318588,9.996019329253947,16.8858463370395,526821.5799966704
149,1,1,29,4.177654480103275,7.925040046738424,5.363479152083084,319414.73527473886
153,5,1,23,7.374143417295905,4.580791327156845,71.74649906119122,411369.71687123174
201,5,3,43,7.396265119743532,8.447977470466423,47.54757152327337,585382.3865731668
180,3,1,41,1.047100403749448,2.5363752698123214,84.90980199586761,380992.4433534962
199,5,3,29,15.351352570358365,1.274173176780641,38.3397141058259,427549.36001996405
102,5,3,21,8.33008863807758,2.8400353521784574,16.827858850771282,413296.90885442495
51,5,2,27,16.443597736328467,4.063704005028336,83.64421924698698,251306.13674193498
137,5,2,6,17.00696002239791,5.595226817136039,54.89096316400717,381092.5821579769
285,2,2,34,4.239881093973161,6.536162264870798,18.91957923903549,466806.15813643567
207,2,3,27,13.14706964340257,9.195451454929795,72.03839985864458,424247.3664809049
87,3,2,13,9.445636083259634,5.588686085954119,51.111363848950056,206036.92551904792
179,1,1,9,17.6031347584297,5.511480801631564,60.431298224031984,206677.19695111245
241,5,1,15,4.314813583529082,1.452187088406839,46.089833820658185,409124.5420342151
237,1,3,15,13.556264006200884,1.3142039739060143,82.87089838180064,225576.1545649478
70,1,3,30,12.155042445054452,5.960439657247349,82.95627156830498,93922.53498894202
210,3,2,41,5.906029551436656,4.9436075192351,70.93888218243862,411011.8629328375
253,5,3,24,2.7320180730234522,8.552623554822688,10.540137739646227,705765.9602000007
107,5,3,12,13.032795209545531,2.4461162624066066,83.88538619040689,231913.88214930677
71,4,1,5,14.771949162646614,1.2247449590534463,67.10129805329098,160259.74007888127
285,1,1,43,6.3125468752669995,5.0413489113711325,69.70241660042996,295954.2623329022
138,1,2,8,12.896652080446277,3.1373070107703174,36.298284040387166,199687.81343141847
98,2,3,44,7.902618152230065,1.446529360049537,87.92795561570067,150006.7123075601
268,4,3,35,14.264137665652354,7.52138458162866,72.53716002348575,514288.78423370863
108,2,1,42,3.984305497881062,2.0043369996152274,11.259046652919446,142735.71393627362
219,2,3,19,17.804300052723487,6.474875500069945,40.77780344061627,291598.9961824878
269,2,1,17,5.748191929311595,3.529447751502002,88.63803619601417,327856.0858338628
237,3,2,42,7.355719755123058,2.561464453195198,4.719670169737899,423147.3804399323
257,3,1,20,1.1618390416069957,4.417763706273857,96.14166196420496,529534.9071175791
64,2,3,3,2.230244246425528,8.213011986006583,67.91625683195628,318741.0812527544
239,4,2,49,10.317238054246562,4.528842192141154,63.13759776433766,459678.07165107265
239,1,1,32,5.35185353455943,7.756926842899501,27.05592564879914,266608.16780171107
224,4,1,26,16.70960451484389,2.129376671192356,24.879178873917706,231342.4287838349
239,5,2,6,0.29386777309907686,7.954942776985712,94.20582194885955,604118.3440249548
100,3,2,5,7.581880973438723,3.132399924159838,29.827245423412275,209290.13156506725
157,1,1,14,6.7469109353818535,7.096538168999855,77.55052967189994,179506.96970084962
104,1,3,17,0.3865526183520207,6.092033993568967,39.31217982070792,345969.0093843951
293,5,1,31,2.4873679800102044,9.362302454905187,13.925407078470398,686706.2808723735
113,5,2,10,8.272853498372704,4.485902661777827,1.071529769535895,438424.02324731706
298,2,1,19,9.857291688948933,1.595486699509964,54.42573370152508,349647.584556023
180,3,2,23,8.085794945097382,1.1723993699612762,97.57788185489326,274081.9466794317
278,3,2,14,10.618753568241877,8.441727048754778,36.91361938092045,551078.3544097353
100,4,3,47,11.90263349811363,5.722620738952889,35.719233399304485,317089.84878615575
184,2,2,6,0.1984764225567126,7.977196466514544,34.40916178494421,419004.91479696444
70,2,2,20,9.281903189070078,3.109830400103632,52.054383730485846,206241.09328716874
122,2,3,41,19.269984817751766,4.105753709619103,44.06648834242935,108926.37520459338
216,2,2,25,10.380645602590974,1.2709348499018704,87.99146267270145,181836.69469765562
67,3,3,43,13.550845349179063,9.65343092116701,50.55207917234903,287388.23155515513
181,3,3,13,6.237277158337664,7.010811160307321,50.77578381885688,414815.0137485157
138,2,2,36,15.47982756305525,9.398845789833755,13.83715947205566,267388.54133062315
109,4,2,20,15.458429637522302,3.389467666861651,98.27395409103859,230270.77599466403
63,1,1,17,10.425920953082779,6.503172501030948,24.99728908688297,156722.68290865605
291,1,3,4,19.52027646558427,7.10649971463374,7.336406745960266,325367.5229425705
299,4,1,2,2.5110042952530676,3.857947302318296,66.31462489752089,521506.3219976375
58,2,2,22,0.33895329779161987,8.632983115140672,59.53663701568727,389218.46105556574
139,3,1,25,15.403164235141919,9.52445316610223,41.514565399274574,334520.1441576851
102,1,3,36,16.14311074729765,8.963696059264038,42.2192233880678,306486.4539856974
179,5,1,23,2.404144582411525,7.6516027834543525,78.50639210464311,584743.8224797266
133,5,3,48,5.3116566591721215,3.497182117524586,19.571264009964906,489256.09718178504
141,4,2,18,0.3510472673325782,3.5345443789506854,82.02533189448897,339774.3214356533
160,2,2,24,5.866172215611294,9.67024288401434,64.87471138950181,436498.79741109407
237,1,3,20,15.46283747837343,1.0925604634212283,41.89697737795244,200619.00571086854
248,2,2,11,10.359210554251579,7.4444497591793,45.80286165838686,391846.36863496434
221,1,2,40,6.961911863365762,7.356215462997359,25.66472071860958,364073.5972936112
57,4,2,32,7.434785898126606,6.604205868548177,75.21143326969748,352391.118485423
224,4,2,49,0.027072514309363083,9.910979614781793,51.287474230526776,632346.7095874895
84,5,3,3,5.9960105513047175,3.806914921873527,32.08545427498436,377211.7757198282
255,2,1,41,12.92917483275861,4.059746774139233,59.60501157609502,303223.62704678206
130,5,1,6,19.483888876327143,1.710454626519,99.5734452051323,161704.10406074423
213,2,2,21,16.94121653967799,4.9851832288936375,43.52622796565539,271362.54114647943
99,5,1,32,0.4718992929105825,3.349436736113633,92.06914007786196,348067.66838037915
153,3,1,16,17.97121209349679,4.090480319598798,34.50168399245661,190903.33087399846
181,3,2,23,15.66396826597252,8.511146112300649,5.4732706924985886,417158.752992064
51,3,2,33,15.607522471419609,9.419360621747462,20.424210636842886,198090.19641153683
183,3,1,27,9.15991518007143,2.6715976480466708,41.86951433276842,374157.7977076816
103,1,3,42,7.960105859090056,4.352580383981193,21.963492859456903,106414.49919427004
155,3,2,40,6.058314576663852,9.357675059038547,0.02270382182555375,421675.6193404768
53,4,3,38,1.3138971790873155,1.5562761462030037,91.50015377475272,295747.0687428976
103,4,1,21,4.564707269873982,1.8312447530024065,84.3879411230929,289999.56012152735
270,1,2,48,4.932072699560493,2.465118902856064,74.22922314869471,289843.2534585837
240,3,3,16,9.681541394204032,6.356915507141872,16.781459564602862,483062.6312684186
195,3,2,33,14.948888131933879,2.354250439053977,12.036357620998606,284105.4529176223
267,3,1,5,9.476196567958933,9.712687433056601,6.760474947238315,526558.0716350395
93,5,3,45,1.1568889889432121,5.020430745326683,72.40291887729212,510297.3284752008
211,2,1,5,19.15579601976408,5.513661643151497,92.88079606878853,250242.33034257503
251,5,1,33,18.854486381882246,3.2199275422486586,43.053582091303696,395968.11353078065
239,2,2,0,15.703790862968168,5.238642271912601,11.914067199604816,292470.0670402471
277,3,3,9,19.82655803128441,6.957222693733104,51.23928207321066,419289.81130492745
63,3,1,20,10.889646656005258,7.760594232586385,34.88319074586301,236850.52528270846
144,5,1,4,19.255367005064123,7.784812744389217,37.48249243499977,314121.2698351699
97,5,3,1,1.5121008123350155,6.201020014246795,62.13306241557073,531841.0701510888
64,2,1,21,7.313614965227426,9.139237974944715,71.87181132622024,219830.41629451906
249,4,1,47,4.507625360135316,8.356670625754983,11.060359887316086,581297.1704626003
255,2,3,1,3.9166616826854006,7.813433032287628,3.5590230806476386,505812.9541338581
264,5,3,9,2.8160589778535217,1.5004496951241455,99.43303026857149,633083.919631753
298,5,3,33,12.448272831319933,1.0619016599768438,23.272834891555185,445302.2545109568
239,1,3,15,15.626437114946102,2.9120254947592565,5.383052490845907,274249.72936032293
89,5,2,47,11.565967988407213,6.9717123452210705,18.987532909591998,405873.7660849567
262,1,3,38,2.9392541917641934,4.700777399942912,3.895784634846422,398143.09225378744
257,4,2,21,16.222475398669417,4.621656333693806,39.181089461717164,449241.26012797095
286,2,2,11,12.71909414327457,8.961281994066525,80.24017844513243,385455.4293359978
131,2,2,23,7.76331412253991,9.060065633186548,34.124444975772064,427111.83390957385
160,1,1,46,13.48260591072126,9.182577376482271,44.418340687836654,221323.78132680245
102,2,2,39,5.1980995848566565,3.8249026886352455,67.55867735674389,183917.14884732242
73,5,2,37,6.90384416988421,7.219502314653356,50.889407006988016,380947.8124693593
203,3,1,9,18.349716862639806,3.444698631469327,86.14456860213242,256770.48317155824
266,1,1,34,5.810090113428408,2.715488497670048,86.60356750457565,235684.3204743072
237,2,1,48,9.399765363158732,2.661692116126323,0.9910695491153643,240272.76944524253
173,1,3,31,17.802822747920292,4.078968587772346,77.80463064831991,135571.99907289716
286,1,1,6,14.154427005350549,4.869618578018395,46.073360024167386,233963.31585628036
90,3,1,20,1.244064523294055,8.478542539495615,98.88405413036631,448715.3738888793
206,5,2,19,2.946060885579407,2.079019841254409,48.323207587543514,456638.4546147862
64,1,1,25,0.15683181543833635,7.614332626554048,98.68959453882975,261954.3764163029
94,2,3,3,12.618435804583267,5.7830942277037485,75.45693612057366,243222.5626303441
114,4,1,45,8.953468508208367,3.5915080840839324,24.860488461330633,219638.5298448312
138,1,3,21,2.6854970180455107,5.4353762607954215,53.83949792869577,311635.070610469
120,1,1,14,19.15868242113541,3.6994786279932037,99.21356394785828,57996.10534011823
58,3,1,39,10.593194478912398,6.364737597144754,85.75306077519237,168073.2100118596
137,5,1,20,4.837865882257784,4.904595305697198,9.73668937912211,501500.54989435646
178,4,1,14,10.01207142309415,2.4796497617099087,70.6371996809996,359229.45080185006
285,2,3,21,13.592406654702156,2.0492476710012704,34.5579585870813,387727.6503123797
185,4,3,27,1.5247843594712895,5.920261138649171,0.6982261880348117,527825.4274706033
265,2,2,13,5.49407630095784,9.12171729957493,40.34809690269996,465327.4121414959
112,5,3,26,16.139309817679873,4.09561917901917,23.47544217249713,304102.1840491964
188,2,1,40,9.193297408053224,7.597000965003609,81.88692705204716,306875.62872685236
292,3,2,39,10.931542840645898,6.927952194457903,33.733060884576545,502666.42071702855
130,3,2,27,8.656320044189385,9.38399422878533,82.7523693953817,264161.92919809953
185,3,2,25,0.8779988528601024,8.388829155692267,0.05979388347953085,528561.0375629171
212,3,1,48,3.3149955964031186,6.099447330149167,30.781915002611914,425352.4944038054
212,4,3,1,8.910832774837818,6.9132744841069655,24.116521430776196,524221.6884025954
82,5,1,24,4.183709308158557,9.085478199256315,23.3567361068611,530757.7948009041
172,2,2,2,0.9995805731935747,4.595669061282413,6.81866197654627,429597.2482179829
54,2,1,7,16.872993281036475,3.941152352719996,18.712427041050173,143246.49612755494
283,3,1,43,19.623850583282316,1.0972997527167672,55.55495698856199,207131.98470971955
280,3,3,32,15.862857479934789,8.438959667723179,29.13610728377445,530456.4395385747
299,1,3,41,17.07569843409334,8.208826303630284,41.73947823291479,452303.1223415908
90,5,2,34,4.839542606340908,1.9400906629013623,37.68668803471885,403147.7156408918
77,4,1,5,19.212539510263994,6.191716430194302,87.59049249998945,135306.6075798147
184,2,1,38,3.9385140890685677,5.1758352835019865,90.52989990105155,282182.8109517093
250,1,3,22,19.028596207236646,2.0683818595820034,49.295697165586006,177175.5912639908
121,1,1,24,19.89638587931902,9.825114043546511,33.01559503156044,182493.3513157762
61,2,1,49,14.234456114920974,2.932262987170199,10.680070400236364,87278.34114480272
211,4,1,42,19.62287463583644,1.6051076208150503,95.3402879382095,145258.62838754506
82,1,3,18,11.390795591342073,6.353626415517186,6.022694490029745,217545.150847755
97,1,2,4,5.190835663521806,7.649800094197294,29.765027756828044,188208.764762507
296,5,2,10,8.739917713312417,1.2919910144246827,29.806620117000413,591634.5833869637
200,4,1,11,11.87121870757572,6.9284587485432,32.04012861402149,397218.2115542614
111,1,2,9,1.4616312405402998,5.79062688356309,16.428684327240926,307775.0800944632
265,4,3,7,12.446865292344922,1.9293850798754357,78.31614309236971,407478.4914284716
86,2,3,23,19.62355673524589,2.5527148925172587,12.249786196598922,158995.21615025753
148,3,2,27,3.8021529956745526,6.111768675844725,63.49066591531628,241593.18853262186
221,1,2,40,15.851902325767666,3.6672185216195956,12.384602670581746,198802.52872312895
153,5,1,35,18.15797587559239,9.444841557861844,7.053563759295656,396499.3526467803
263,2,2,36,18.874031856404414,8.368662065356457,90.94295036858765,297479.628179207
268,4,1,20,19.202712088108946,9.852104858622967,19.01287663187057,559819.8652572163
84,2,1,7,10.429192774429438,3.3370375505537258,82.12501545597043,84019.84259600635
242,1,3,8,19.546158159830075,9.727512695181794,54.46308711071358,384446.9376117614
276,4,3,46,15.146204142688777,4.881104828124021,7.78565196087696,480079.86859045835
150,3,3,14,3.233428724739238,4.127669157823791,95.54481914380675,441522.64896395593
224,2,3,47,9.5380021293594,1.4531457427241792,24.696116699189254,254975.3809724196
255,1,2,45,14.36662350744008,1.4748873207364235,85.96453453526065,126200.79911650941
180,5,3,39,4.946806316381666,7.228101303519892,16.88100057845642,622456.957991223
50,4,2,17,12.812303670977748,5.121360949906251,85.39428821418528,245873.1035977604
54,2,3,41,13.332009580932384,3.0386946343249512,1.3228812905293985,52545.48889807257
267,2,2,19,3.2539948761713178,6.525732756927094,51.178045656948065,453420.4328251911
296,3,1,5,11.301706249055126,3.2757230642510007,76.94425794215569,404344.4025157939
191,3,2,11,15.432538219572153,6.1986857890998035,93.47955174927833,354796.76878896484
152,5,2,1,9.977913290718838,4.232878722844213,90.92021362064871,366456.8020797238
76,5,3,6,0.2420623355221485,8.411970039506372,81.96248695476449,389124.7344666767
186,1,2,15,0.18076938158584355,8.386265446901014,88.8191349661304,428669.20692594827
256,1,1,2,7.140586879400244,5.296153583101612,19.92196858370765,297540.18407897715
64,5,1,44,18.52388136863564,4.157371984015141,28.418429571172876,82832.47130223946
139,5,3,2,4.573535592072176,4.263038169031851,28.89685249210585,360460.6849646553
91,4,1,26,12.687273777433743,8.251430731013961,37.70539310016988,355002.2233057439
173,3,2,49,4.4415174138664115,3.953615345178508,39.33206703851887,355421.97176589497
254,1,1,42,6.433399793190972,2.881534363361614,54.45553246546755,246786.10406697623
228,3,3,39,16.96084179202968,1.7621950768777614,15.987976336644138,356092.71359707444
112,3,2,37,14.577228845398938,5.200238087959676,69.12466637859893,240536.37426705827
145,5,3,32,1.9079855462642126,5.339188890278577,16.75665393045065,613140.5975137999
280,4,2,27,8.574040419728671,8.568178393626164,31.030848210454753,513470.9659616593
290,2,1,0,0.5833952729052894,2.991148268014576,50.33451306061541,447094.22490323277
101,4,3,7,9.61780293206018,4.428921463015599,79.64405615234773,255742.70311613564
145,4,3,36,13.24868023402136,8.27565165004322,73.94692332387272,383583.65240594104
181,3,2,31,2.370052471963031,8.412612496740762,64.55343564105223,459844.2147063249
271,4,3,47,5.777698778183313,4.461499683808913,15.577326058017016,568995.0247284902
278,1,2,42,7.956732510043139,5.132116209580128,54.70453456155777,344000.9258674872
200,3,2,36,18.390620493120995,3.7295730176435464,8.744650179988545,291483.2872456625
280,1,2,3,19.86510030845928,9.392993905773809,37.73631767966508,392512.7228479955
286,2,2,29,0.8982259799123171,2.067793891674223,41.35165302899592,536444.2253890204
192,3,1,5,15.22015846990784,9.40374480701323,3.9811439445753827,385117.9067045923
220,2,2,45,7.434481328046864,7.154798066518089,27.398809946997183,343000.6080430756
78,3,3,18,7.849163724589601,5.784149374180581,95.56494672664894,301713.0576402116
85,5,1,31,15.085299466940453,1.2939315470604629,95.36326078296895,121230.00452334309
62,4,3,8,18.368528642908174,5.280365726398075,35.23270542525393,322403.71380807954
209,5,1,11,19.018571890050968,4.669732945024591,4.310010894832406,364893.0326053043
120,2,2,10,11.542451720766415,2.450969307776103,17.909493932818155,166361.3035877493
236,4,1,45,7.142423186010056,6.907686431505912,39.221779343354015,444552.82104078477
292,3,1,15,15.750981717175584,9.740358166314572,94.77796979692297,482829.23242965614
135,4,3,0,5.020027665246005,6.059699299580726,14.119906353718491,481046.40700072097
77,1,3,44,11.281480576670354,7.4327794879955125,76.35158436682123,138581.65080327695
115,4,2,20,7.171569230497463,1.616054073094151,10.868253937469207,393438.8580693503
219,1,1,29,13.132621474157522,4.759002962352953,98.12575773912768,141982.4736028325
94,4,1,12,4.807978257870138,2.047226366480463,38.161649910913496,287562.22349710076
111,1,1,33,3.8318589146965154,6.515162519828594,77.5234538899056,243838.24188516545
234,2,2,3,18.364781733508742,9.446339423927391,34.259108281113186,297582.6614820501
294,5,2,27,2.036073658990738,6.955999592244747,62.76688771588087,688388.8364673434
183,3,2,37,10.119158154698633,1.6912274348297938,19.201608474003674,226276.7791385852
77,4,2,30,4.417055659260178,4.191995844865746,14.602101929696254,380507.4483815651
77,5,2,26,0.778599266513349,5.9559704149676636,93.80641395681313,377297.65805986436
157,3,3,4,0.7203763658285278,4.62886980519927,91.76472779044335,467129.7201429215
93,3,1,24,3.504435442116547,8.502796094276551,88.74689402128824,394929.773768457
133,1,1,2,17.335407090120004,8.332039042389903,62.543345016659345,216086.8637199086
79,2,1,32,5.649574879540533,6.506479180928993,80.82682112162783,222786.25667426575
239,2,1,3,19.009183411505916,4.361121506194348,6.903693691137491,248113.70201677407
124,5,1,24,11.632445859783871,3.2980273638691973,33.47890418906792,284075.65776826907
177,2,1,19,8.732283795375322,1.9528688639181637,31.37031247571562,297601.1176276074
299,4,1,33,11.601776693389091,4.194079151378986,63.56453219526132,397106.7889876759
296,2,1,25,10.333967704525355,4.718552654869476,35.59577734706405,322380.18370010407
141,5,3,4,15.175525075146503,7.082406325936662,14.85067816436808,492735.98343672574
266,2,1,34,5.649921319457045,6.9234384186781615,59.646707541354374,374339.36124899087
280,4,3,27,7.061007832006048,1.6309732567713127,81.43839206690815,416787.0159086053
239,1,2,28,17.881886050665013,4.55733383888042,38.21234944599732,142041.42843947138
274,5,1,8,18.92913026300811,2.6360098049562573,13.22687150984817,378669.9657410941
178,1,2,37,17.85116454972949,2.4113143478512513,19.668819731282305,106744.48039926433
170,1,2,49,8.388959879146272,8.445719347635213,23.7483305169384,316305.20928580733
76,1,2,5,15.607310060137634,1.3772369504463178,29.989759299453624,85042.07097279739
239,3,3,18,9.526714666021975,4.772645883119091,64.27950705063091,455390.91366013634
170,3,2,43,9.950797042922044,2.5138329018986636,60.0945484537719,248177.80240420785
165,1,2,10,4.093602181145679,8.913971941106265,69.60798615670392,357629.6401133306
254,5,2,1,11.82260606517033,6.0133646194753165,36.25019845315131,572424.0059569866
282,4,1,46,3.7227179550669587,3.082425727391632,82.39976518799783,512849.9605495926
52,4,1,43,6.631293981343875,5.521845584497388,20.40876611557603,279235.298792881
152,2,3,43,17.100604032398703,7.583377237328042,46.90407475181539,232752.9243361457
247,5,3,8,4.141516184217105,9.623062080274904,80.09387215414303,640355.8436319783
249,3,1,20,1.4231657034686562,2.9840140382087705,18.015864773261924,373180.42812224664
204,1,3,23,1.380151852256326,8.975635949164106,10.986311374078294,514531.5283758559
186,2,1,33,18.815690410062157,9.408737027507412,88.36839676879897,267732.5642471051
111,4,2,21,10.138408759236693,9.247784900788597,34.29296627591959,445293.30354077823
214,3,2,2,8.188241436340366,6.718729211757188,68.3870124909032,433865.69130868564
274,3,3,11,16.217571620158367,6.668385889912369,2.534860426393848,543271.3086780544
100,1,1,27,16.71651855821032,4.628895698654405,69.00468884094497,50000.0
283,4,1,29,6.643820662312092,7.771580940734091,31.61013115469705,604951.8084745725
221,5,3,25,13.872361149475905,5.781646165158388,5.574085358744174,508185.1243795595
201,3,1,47,15.422456317037732,7.096942641054651,60.9812761548117,260806.11333934296
256,1,2,20,13.09301373731909,4.856121134639159,24.080381607317324,329778.60988182167
108,5,3,27,3.0319014960019874,7.583468176388251,38.680724205188,543491.7923993509
167,4,3,25,17.51766167034114,8.420243658440942,8.058081228651359,439047.8538144281
209,3,1,32,10.781891054720173,2.317926309425345,14.716325109494532,292245.37418936787
145,5,3,20,5.649448527400073,8.496367440168052,29.797723549584376,561639.3476687267
265,5,1,34,8.504563708753878,5.862668786112765,8.975950056015714,658138.3632502306
282,5,1,33,0.7514218079781476,8.60199318181202,91.08262646863152,707197.1645819519
229,3,1,40,2.557336024448351,4.881715357069131,0.6047043183978418,476899.93948697584
162,3,1,46,15.310935010317216,4.411364368447315,48.38602188643114,212514.88423272799
111,2,1,17,0.00023269510732282228,9.235546592655002,12.324745813255145,452904.0920252327
290,4,3,10,8.331316569645843,3.2605234079356116,30.767908947794854,562413.086807929
235,1,2,22,10.450203621711768,8.597910927575288,92.60595598182655,345463.4419821766
101,5,2,47,1.092688400019446,5.356185152584637,16.169455327398687,436933.8751245032
61,2,3,21,19.461563259446656,5.626858982961338,96.58323197183326,95584.06419570913
88,1,3,16,4.522506624993438,3.7762145334053563,20.579437698942172,73488.21877479888
179,2,2,4,6.083974392725617,6.157379805571141,74.15661084668295,370759.5887257073
180,3,2,43,6.078850245100547,3.9269007664859017,54.66772648973117,312991.845628329
162,5,2,10,4.608333242346998,1.3534247281748708,88.44787275967592,478394.72567433363
150,1,2,29,0.02947644172622832,3.4479874480992043,55.399325550313094,272932.52531015297
162,1,2,14,14.586895881759927,1.057411390659316,53.45592191563087,50000.0
233,1,1,26,19.336909995985707,9.80519308351171,19.54580003683999,277467.8539855513
130,1,3,34,4.485869665700902,9.691724888377728,16.62293620516587,324358.27875483735
236,1,1,32,13.26094383606845,4.556397677250745,91.64891511155142,220364.42841417802
162,2,2,19,14.837926539174301,7.555337689056814,32.78381988500341,303882.9466638658
51,5,2,15,16.968507581810496,4.112254885693825,37.20822549628959,287847.8907030401
179,3,2,33,8.452583940272183,7.039838413773785,75.98236584283885,334735.6563666061
269,3,1,1,6.058618112808585,8.248870387413811,33.882348242280734,537150.4573104574
103,3,1,34,6.505902680460622,9.520806202230167,95.20624466390028,258502.88513671525
136,3,2,39,14.252426661970256,4.601910482647048,73.79277689988002,254692.2936795341
278,2,1,27,16.33558933011272,8.049681846604429,59.742924257342,374709.8405242965
273,4,1,46,3.632279355132053,3.393356055689069,88.08951605447525,469289.82058660174
274,5,2,38,7.418820163155305,9.912990734142834,4.960590834948276,667672.2692016766
178,1,1,5,18.038803934983,1.2319263888791603,25.706269218920873,105135.9983577323
196,4,3,8,16.133870393894785,6.4317592585100885,46.50363342209099,502261.61993563815
175,3,3,19,19.697168055249517,6.935553834861944,22.6978539471521,312135.75631906686
179,4,3,0,15.084965193641615,7.19241001366716,74.39051873021519,431735.5481573237
102,5,3,7,7.863904020558445,2.083488209101801,91.92080310537251,297764.00746469485
221,1,2,22,11.812756679892756,9.446768051258173,42.37701199309234,315206.24014977313
267,1,2,2,13.220285084946406,2.6306495114507453,34.2132600111895,283194.17402862146
209,5,2,3,1.569116326342479,6.60478062915857,96.15507321375662,639523.5900479637
247,5,3,24,10.889939182077303,3.0040847121077645,44.485243282754084,479125.63956742664
209,3,3,46,14.186416569452192,3.764947753191438,48.90484004492832,300186.54288123647
296,1,1,37,3.3464260800212076,5.918126875553119,35.164987234190534,385971.52086853626
117,4,1,14,15.612634348511143,4.754740767081188,90.95484730121383,199753.2146636893
232,2,3,20,11.675455610282233,2.4420304087885567,56.89554832818507,320386.85069429735
252,2,3,34,19.04443571395189,2.5384276217876347,76.21745871816447,155352.5836782193
233,5,3,45,0.8484459641378339,4.763303093465197,81.18067183508863,638238.2451437177
172,3,3,13,5.306522751109339,7.8155468044795064,34.18490419172582,451882.14157616085
194,2,1,35,12.031077585996481,9.081681821630097,43.369433132038004,364733.3182785252
87,1,3,11,5.9311982441186135,1.7571489603344457,84.84717744062647,85907.47817549572
73,5,1,16,14.288483281424844,4.537935168034609,36.32553516758102,300153.1094899641
118,4,3,38,15.18010565043862,1.9022100735058896,79.39351334518513,250143.6186838639
165,5,3,8,2.050319281329489,1.149332325693381,94.09923225744372,471643.94117214566
147,4,3,34,10.277089284135354,6.95546814379561,62.3210373068007,358456.5252911687
247,5,1,12,10.177811111821118,6.42204497769929,74.16272874518889,517058.83354308404
263,5,1,14,7.385615404310821,2.467172024333976,80.50973120411349,405079.6116047951
188,5,2,17,18.65849725139344,3.104315497837577,84.50396488966425,301611.19224317576
289,4,3,32,16.550126397464425,1.2133697828006653,39.505333785679596,437484.1198362955
193,4,2,5,13.944187638192735,8.514524851249632,5.126345917599817,516120.5440378025
146,5,2,26,14.286532714699952,9.772215364436963,40.187627123673956,463244.3137069244
250,2,1,22,9.234322876262382,2.2191358311522174,67.37562297840898,227611.34757507392
173,3,1,26,18.419890421931516,3.083276923887683,45.03503857807928,214228.50057810856
236,3,2,33,13.891908545065707,8.815685715522406,74.89631508603985,413915.5332016724
119,3,3,45,14.57962123311633,9.338174181605664,35.69824294686639,221102.36991599557
257,4,1,37,17.233818075746903,4.776646445261293,63.474414110402954,380589.0324083813
142,4,3,13,5.48143178684382,1.4556022504216672,18.641980485397458,382765.09520381177
52,2,3,35,16.14141807733406,1.3545265032353746,74.93694366449569,95330.43985827266
197,3,2,7,3.9048120591298408,6.165548794621094,54.56959688130259,402214.53091833193
236,3,2,34,6.906839044897756,4.536055980038611,20.40643885466006,264614.3190646646
213,5,2,18,6.712209085396854,1.2578718481988906,29.191117349780725,462393.98035237816
196,4,2,29,19.57050936778281,6.249271530813011,74.86087085818323,333428.0853434391
139,3,1,13,17.130744474958536,1.1017228293012022,48.26012356615207,50000.0
244,2,1,19,14.023397231805195,8.086347623343457,21.60314403930722,316766.43083583325
196,2,2,48,14.541135232307802,3.7578954043303443,96.72711903702977,327143.883431009
197,3,1,24,11.241455888051421,1.362322027083089,71.51250198168879,216795.09996261302
145,4,2,39,18.94181334217038,6.29516998884838,95.71348325397962,291176.4735470848
248,2,3,23,9.92517505764723,4.579159729897492,42.71050453603432,353443.2003850412
101,5,3,13,7.610354197397891,9.764203720214345,47.51003406917205,418910.37045306404
282,2,3,25,3.26070673863182,5.89778796253332,89.79552161850192,478938.0187153019
210,1,2,37,15.72411304522116,3.477152629333075,52.504934024538464,155769.22710787537
217,1,3,22,14.68887864151183,7.384949781705773,70.72789119056672,280452.3516902952
177,4,1,21,7.687100770482697,3.443428022884402,25.217287749552998,359656.86710276495
88,3,3,47,0.5038682791845872,9.138189622668087,44.67264687026405,449602.19980866567
131,4,3,18,16.779946554360215,4.372497734566387,12.34498658103551,308972.1482945175
153,4,3,45,0.22835966908147265,5.948817064985847,20.59800358769617,441193.434417686
178,4,1,2,14.073995592581019,1.4551579344180596,0.0943415267631087,318625.2715772664
60,4,2,41,19.40514219452114,4.835091141570077,3.926505164866023,82218.56053763597
269,5,1,18,8.75322656296407,8.491271856948956,97.72838231769293,461911.1074862819
234,5,2,8,4.699468099919056,8.250839248270077,24.23536951367623,678863.4439444513
266,2,2,27,14.097420200867635,3.0188670296817364,66.33107095040019,310588.61671652616
227,1,3,19,16.342562840311704,3.034711639095064,83.90996987996115,200443.85118510187
200,4,2,44,10.928606321556947,8.35574780991913,55.066045923656425,376523.4447832313
208,2,1,6,19.340705505122923,9.37358578152393,15.31445000839562,283011.8885413478
271,1,1,13,1.033374433159222,1.858248291457032,72.81164373361663,315288.06224641483
91,3,2,8,10.095911966090563,5.050527754836027,60.025141009958304,183244.16650213004
148,5,3,18,14.369078946451001,4.0370885106780605,73.12505893473751,333537.01838052075
56,1,3,46,17.252809422983578,8.836196099116954,76.97466228570872,148325.01351848294
193,3,1,13,3.585112238155801,1.751724232120169,97.54103676847451,381778.11209106894
139,1,3,37,16.00006963527363,2.9001334830223366,57.356328002671,90352.0716734474
161,5,2,35,11.054141514370905,7.772215038278449,34.164111269060186,501645.2477031348
298,5,2,39,7.931073639799264,1.4616446408309403,64.8464556900237,390795.9250442409
293,2,1,16,2.6343005715818713,5.432818426428604,6.844070924262613,518863.8894063026
109,4,2,29,17.30591517817825,4.9789633121174806,89.73973183215863,181452.82780811377
162,1,1,8,3.145464163594307,4.009610610898738,11.938101133819679,292135.80085052043
51,1,2,32,6.195757184181985,4.551150837870314,32.784283788581824,129285.68210931006
178,3,1,24,5.8009106392487375,5.769465282372097,81.57453806261209,416613.63071284024
97,5,3,13,17.428280683817086,2.452306225495448,59.731237833071184,225175.91633820662
189,1,2,10,13.45405988417796,6.147962904552335,39.363552027744205,289117.1981134865
246,5,2,34,15.933627943827446,8.248890963699877,47.34356593750214,489994.38370214537
86,1,1,40,5.00935797584998,7.841448368111431,85.45473932021804,182092.7440431366
209,2,1,13,12.497481992139978,2.385099142243963,34.00043860598922,222534.24896252443
296,4,2,29,11.434919662874973,2.343245227673265,86.96496848121713,373749.5684594014
58,1,1,40,16.65660753576542,3.41356930970422,8.813443097669149,50000.0
282,5,2,3,18.12174120962521,4.249672537069335,77.67984372086308,450803.705678612
148,2,3,3,0.24313542954773615,4.676100232676344,84.75476330547363,395775.28112564917
196,1,1,27,13.480398381175853,7.117274951500107,18.181765283733874,251675.8898610198
97,3,2,7,1.0367159823945804,1.5101238894925186,43.03465323722004,338217.7188279064
257,4,3,1,10.977173301547118,1.3120543380345975,16.54997746636556,500369.7958144064
180,1,3,40,5.752654580873564,4.527195066495182,70.66041289942177,225155.98298006703
197,2,2,45,6.135531990442824,7.274473229241824,53.534776806165674,412805.381306864
201,3,1,21,7.0591700690471315,2.7409180866083434,63.5323346708321,253143.6723507867
103,2,2,40,12.425848980992203,6.773540331306266,19.648696695621116,253780.76287527947
169,2,3,15,6.680999313375384,3.338453241462695,21.17458620524195,364358.7178280225
210,3,2,28,14.653981011805609,8.974774979321648,4.149732550990636,327314.9786097564
201,2,1,48,8.090547711477393,9.061209498399549,32.20675351957297,371864.298419901
165,3,3,47,1.3670640061991723,3.6755848385319383,55.97446613336749,366429.0179739475
124,1,2,29,15.675196849682145,3.0699437856691647,85.79349139973289,50000.0
162,3,1,11,5.71516649185412,4.701735748596081,66.69274474586807,402079.2942153967
249,3,3,34,8.655337591985253,3.1647842666213384,43.53963233997514,377288.5362107157
213,4,1,10,13.708877664438031,7.051454589625333,95.31201143941378,348965.46297251695
215,3,3,45,6.64912314297424,8.43458216093457,71.92452005758318,480022.89876041206
153,3,2,49,1.1317131229343125,7.057829178200953,93.016520286255,431610.6795064692
133,1,1,20,7.478420940256272,8.419154025244145,52.75879732721657,253137.04313820557
276,4,3,20,18.888971653886067,4.572929459867267,25.89042747931396,493942.18620229024
161,5,1,4,12.834687945971163,2.4068527363797476,5.282668636472199,380697.6240478518
266,1,1,47,13.42958297334414,7.641558526578329,72.60848514838504,172320.53223736116
148,1,2,19,12.645643072752797,4.2442705462739845,12.130299800553413,164890.4821223246
202,5,1,36,3.979842779188736,7.041437427062193,30.277512827196716,503799.45936817327
142,3,3,2,8.366677282045602,3.435795477835891,53.24709078838974,362393.639013538
195,2,3,43,15.018795967266366,1.731066713260054,56.441658777974766,66971.69238484444
177,4,3,32,2.027457951063183,9.933236159389871,60.0583196987136,710811.4692636947
159,2,3,8,5.557055521794245,2.4058135713753934,16.625533034970065,351784.2544367909
131,5,2,8,5.526382169317072,9.89578894567133,37.97374048216488,564108.927175058
243,1,1,3,8.64037855189012,9.795519393098026,61.71942271169667,457725.2768081683
103,1,2,34,19.607374818843702,8.144362935172357,96.98188646337847,214505.26992395212
212,4,1,16,1.3500509336764388,6.934806658737978,72.76311376996887,558351.3991824308
257,1,1,33,10.374019887611901,6.200263452259763,92.26037570939579,325575.5371379593
238,1,1,23,3.587293640244209,8.794913908400513,76.2212058314177,403449.24007307837
218,4,2,31,19.413530908194883,3.6049556945753913,59.171696889240046,288301.6686965916
277,4,1,0,2.266070094549284,5.209130912363893,19.202336913634454,555130.9766447226
210,5,2,7,8.072020047231824,6.574509724298517,66.66856518925131,489130.1118332994
117,1,3,44,14.757699696692123,4.70071428282542,62.337956595990704,93917.60540661693
82,1,3,22,14.091088560548906,4.847378086812412,60.24691704572665,58385.4193907467
191,5,1,46,8.454572737878646,3.9725620075187598,48.978586798824075,391622.64683792554
70,3,2,39,6.930483359054365,6.078086350160825,52.86566039892756,182590.68435188977
97,3,3,11,7.952247571057411,8.655170752136044,33.44425271181041,412404.6391834271
197,3,2,11,5.285525263172786,2.813755402056816,51.931269264230316,371637.69037517626
297,5,2,45,4.106658774135996,9.409897348780973,19.755590567847825,706600.32886967
177,1,1,46,9.6607939511778,7.201788883734067,80.51743973603767,192062.53979388485
185,5,3,14,5.370675121352146,8.409458914120272,18.577695469870783,770036.5978429739
184,5,1,40,5.749233297945002,6.005716233670105,8.496628988946641,550379.4722084944
244,3,1,18,13.13512126949114,8.015650312816572,43.62460263571574,350922.36723932606
194,2,3,25,19.370746633997843,1.1458035760552048,65.83074395060619,166936.6375771675
177,1,3,28,12.072744011187503,8.365423823015817,43.771682493354135,283294.8879548981
82,3,2,21,1.5395893412993256,1.3612497317682988,27.67541319513086,218267.4082894366
225,2,3,39,1.5116722770813396,9.009220387265762,55.817118389044076,446155.5222237831
253,2,2,20,19.02846441691132,9.927664725147789,34.700233541219994,405529.3681011953
236,4,2,37,5.945815806146673,3.6466071595910003,93.28676901266331,391761.58887054294
164,1,2,19,1.8413397216495087,2.8928670065721427,92.2645139603572,296702.98713602935
263,2,3,28,11.980891743007632,7.888270274722366,50.23718199720955,487527.00779228815
168,3,1,3,12.472975565805323,3.277237068282279,32.78839940182585,338116.50526725187
71,4,2,6,12.970096402373763,8.790061448549832,73.71324139566391,291624.30594572186
287,1,1,27,5.348040557150826,1.9255833294172904,3.671294348306664,346963.8943772847
207,5,1,27,0.3022136842895007,2.1335967674142244,47.47690060436513,507534.05903532193
87,3,3,3,19.300307389089436,9.81236399590554,33.63233942703335,286719.12755850155
279,2,1,21,5.01786091382205,7.064550084430042,92.05358851025547,394497.0004256088
158,2,1,11,13.52052576105095,8.621985019860574,1.2003027272682543,394110.32471186644
100,3,3,44,14.132597397574191,3.918964396163662,55.28148757183491,216787.36394821655
231,2,2,2,12.200148341589713,7.08835374568544,74.0663581066626,403530.7999800673
57,4,1,21,6.258147884272964,6.348176445777375,48.50179875240413,265027.3501052194
76,1,3,43,5.421925075281315,6.428351081106523,8.540303016272166,182113.39603507155
76,4,1,1,11.953365654054062,7.142792135839494,97.24613900279022,251226.62795024866
275,2,1,23,17.32191267223383,6.178232558161887,51.801043137609796,300243.93350259465
70,5,2,33,18.934674578467913,4.861561323723993,61.41862443190114,170964.16813298274
79,1,1,26,2.1181160880751526,3.4833042494249216,23.660978270750732,169162.1945398524
146,1,3,40,3.096572251954397,7.917231978218818,48.34980851068038,264778.7533860672
77,3,1,0,18.89472517566159,3.036451870028676,42.914949195832186,51321.93992254791
160,3,2,7,14.730704566695852,7.231188755389727,7.489584200198374,390117.49975458055
241,5,2,22,17.659876496595462,3.09999540384394,10.616035354746723,439282.65144744556
274,1,3,37,4.052652682706864,6.627971529590085,83.74725196187745,407565.439514451
246,5,2,5,11.751717422188037,7.723704404161261,23.981995220659023,525077.7007971676
110,3,1,21,14.022791888349474,2.968425000158853,19.495827149863054,127022.48996845025
97,3,2,24,13.602237708939453,1.5394897077517746,50.49114512501392,133858.43220606825
196,1,3,17,8.163033817333963,2.178763686947567,76.87471313625129,274733.5035797506
53,4,2,16,0.30789783382616953,6.453972705439229,6.194651857898792,466315.4344087897
84,2,2,11,11.658521136085263,8.64501765603162,57.680791963825584,235648.15900376852
241,3,2,5,5.062030783592175,1.4049713911188193,11.921044284057336,359843.9765451867
98,3,3,25,9.005084922857806,7.6073613313748165,3.6461050825618457,386665.506750954
66,4,2,26,19.151620301676346,4.071867813550469,5.274395216221739,146107.20711484257
221,4,2,7,7.980706352848694,5.306755329275703,83.41641082084413,432707.2057035449
269,5,1,18,16.796032133288534,9.35973594861009,11.797248362806156,610599.5779797654
207,5,3,41,3.7708121149850227,3.987743542622609,4.515136441229195,587144.9529102758
270,2,2,0,13.449209960500577,5.188032405455375,43.789988714291226,385272.2697595287
95,2,3,28,19.54013908877887,1.12314173284613,84.39934719420248,50000.0
166,1,2,44,2.037862017458736,1.7343884800435454,26.240837648930192,243758.5589753514
55,5,2,48,0.16639884454384024,3.327324320213056,42.17126175259164,413929.73162190325
148,3,2,34,8.671655852652286,1.2506701673896696,3.9922532563751223,241519.0349048062
173,5,1,39,1.852509661027344,6.682377934434259,44.907851413487585,574224.2408710037
282,3,1,13,14.967686993524627,4.837585211214603,57.761308063713365,431831.44473309943
86,4,1,34,18.29097327697118,5.933306824552198,57.090705375214476,272397.69264089863
73,5,3,47,8.680419454175176,2.571824673066966,33.242669217436514,329273.120637437
142,4,3,44,5.174232843108819,3.6633882649295453,31.55331806631355,423118.3628246466
290,2,1,19,8.688066380132195,6.974420273674526,10.662361893659789,518985.9251418932
95,2,3,48,14.468956357000021,9.687724512673599,36.67983206462684,290094.70750460715
230,1,2,12,0.18108323160741957,1.4537509624198828,9.949466887296465,325227.7480991647
144,5,2,37,11.789079789693943,9.013458887697395,76.65959447120517,418621.4407950128
148,4,2,48,12.265833697747581,6.1919308118008765,96.62742977481858,324794.31205981935
237,3,1,45,12.75376493791871,6.075276100800614,97.00744566667069,252936.07870617893
274,2,3,48,4.840441599617544,5.502506816869843,86.50710993753938,427229.2196042421
165,2,1,7,14.281054467562535,1.6245467731376504,60.07921493396191,202468.13923165936
240,3,3,42,1.8278297266355281,1.808891665625446,70.086569724388,311293.5586256956
262,4,2,19,3.9854067293360163,6.4082080509317745,28.520580268041407,653773.9086809803
209,4,1,32,17.54940093308964,4.0686271429200245,63.077042017262066,337458.723454031
264,5,3,25,14.774463014531328,9.255412599199126,45.56495494398774,570592.9135751516
210,5,3,38,0.274911080226905,4.65931483623525,48.20173397769325,605505.8603271799
116,1,2,20,4.967525207396005,2.28953312832377,75.7776560375158,164383.9688190738
177,2,1,48,4.288129659863291,7.432469501518324,28.191835559725163,412171.6940738051
67,5,1,41,5.4161265607394515,3.6401807929690886,31.803961169451988,357874.5268057583
74,4,1,42,4.951195405597728,5.7292327662030385,92.46417911286366,210837.0755525012
283,3,2,40,1.2505259148569148,7.2804950695465305,5.622429485097225,612656.5481730216
272,4,1,8,9.178810331936408,9.102377000818633,48.56342984133404,549696.3290941792
103,2,2,23,14.654669495723303,8.129720753215086,91.28008004078617,214549.3086125806
107,4,2,36,12.134634494348727,7.087249610854517,61.0363007818157,284471.90183420444
116,1,2,48,13.457433371961596,7.116698641556292,54.64070742121321,245846.13885694504
153,2,3,40,1.622983570724783,9.513321796288778,24.974417922935523,516552.4822521887
223,3,1,16,19.029814203535743,3.662416877468824,34.327548906444825,215797.8628621483
73,1,1,23,16.769836676860496,1.0100088477656866,85.20484158046929,50000.0
163,2,2,20,16.101806369913255,3.4475910345837883,55.921813176845816,163689.21885522787
81,3,2,38,16.45967610083535,2.961022416640696,51.47421937567799,143611.7099411867
224,1,1,40,18.654210162655225,6.956511266025983,9.957971354002893,223619.43021427712
135,1,2,38,10.885079322273954,6.703404397889761,1.6028156455123121,294072.5281507117
200,2,1,12,4.005640357352518,6.341152444342514,96.36851886870491,396078.37198801525
243,5,3,10,12.335672157050823,1.1461909888850834,37.698616728684165,502196.2411304967
176,1,2,45,14.85762987335878,7.5590024900558275,60.32130620995043,229785.8679930754
204,1,1,18,14.758347867080507,3.9117737123694236,7.971507318728499,123201.30540666962
283,3,2,10,10.428980483337602,6.98550390105968,68.31142857230465,474479.6323443201
179,4,1,12,1.369174386671561,6.0092058565193796,93.2566708705961,509868.5248238072
267,2,1,45,7.422258768602557,4.084578328851165,57.56652529974197,328109.56981489446
66,2,2,44,18.415332169267145,2.2111864039369697,12.611532237541056,60919.15869848475
153,5,3,0,11.68897819514852,1.8497700789443285,58.172152747347674,368082.12749142083
210,5,1,39,10.766638865114269,8.483664998010012,76.63472131046524,423198.9582267326
186,2,1,43,5.37707028764387,9.265577878734021,40.64165365740187,378052.8246672352
92,5,1,18,7.368978398331578,6.848092420878697,87.98377479414678,388732.54918881744
295,3,3,11,17.906921783063385,1.9309070337443504,64.86829533573645,318330.3892033127
225,2,3,7,13.329260950536714,4.618244951994166,89.92489182892025,310324.2813772226
88,5,2,7,15.747740535046656,7.560452800946415,62.35053112473372,306583.22300679574
270,2,3,44,9.086908461353103,8.018387956090613,13.128797200482422,534896.5217862448
219,4,2,11,12.604944389123158,2.0639676006197973,30.96917111051891,353022.5346865033
296,1,2,47,4.96767217486415,1.0002764696084419,20.17949482524569,391876.83748721366
75,2,3,32,14.109216605669726,7.409233412925445,90.88264977168623,271088.56984301395
148,1,2,44,8.552026674066745,4.209365583875851,76.04000672874827,170594.74333638823
99,5,3,25,8.850910296294911,3.290331984564342,67.6398368910006,307055.18165546993
202,1,2,38,12.986446491537633,1.116077228105729,30.096631963162167,50000.0
201,2,3,27,18.725612429378533,5.8626946608534976,18.40447720502135,211193.67666943435
62,4,3,4,1.2801269321724185,8.660356618833836,75.64510879889119,401891.56741057395
109,5,2,7,16.494864746940152,9.61868481645329,47.41579458790797,484640.6329387855
299,2,1,24,5.847662208243863,6.091704555519603,22.578955215062912,462859.2207817693
184,5,2,26,8.878389090127556,5.630151949659048,61.66219781652751,480468.27538824105
106,3,3,45,0.4382665755001791,1.76550746940317,4.0333852138451975,218889.74057938275
85,1,1,22,6.020921556686261,5.939855213883398,32.61702541282535,125381.05454352958
222,3,2,29,10.052624852602609,4.419811710688552,46.85569945911347,411796.1247805026
69,2,2,44,1.1235215469487803,6.464217527952193,14.795833410940585,309989.92400321504
114,4,2,46,9.821914587663302,4.49853713088892,98.46544775908396,263158.60892732354
57,5,1,22,18.542212577168545,3.1626921110533006,20.909736458961426,210618.96614990596
287,1,3,48,2.1078643621561044,1.8546874770553885,13.035313004326554,470287.3397241742
193,5,2,46,15.288814561510087,3.834266001300062,20.35348738868964,359568.30753970303
191,2,2,19,8.193421067519854,1.8698035085897704,76.90611331597242,252477.29297151414
253,5,2,17,13.10347429048676,2.5920725574158556,42.55056592718428,455161.2712164226
164,1,2,17,5.204731959704587,9.886025427215912,56.541593975253804,494007.8737233451
264,2,2,1,3.1898452508271657,4.996932012159568,2.1009156986360744,385021.9166646504
192,5,3,3,3.2092522854245287,5.786845898545149,3.4431308573314556,645083.9804274323
141,4,3,29,1.409838912862893,8.862566758634937,44.582554982701616,537121.5561147658
147,2,2,32,3.7129340980248604,9.960120104416191,81.66552432016235,424578.885257203
115,2,1,35,13.284387699779366,6.244430044102134,88.52388787075652,124914.15224913455
81,4,3,17,17.63381223687016,8.312264389397544,8.670656759564022,337123.5854965448
264,3,1,36,16.282513711823235,3.9424692190300776,53.836310210102276,332676.62113059283
240,1,3,18,13.702686197489681,3.7516956170256197,91.32296862792705,409991.0761038441
135,3,2,46,2.2086372682220534,4.6243334889510415,38.797275439788635,390403.4688470096
100,5,3,27,5.783748925918997,7.0525653640628425,82.95658314283686,412332.246549123
202,4,2,39,6.1961375064493796,7.139725203295889,13.36956543994362,475960.362180317
235,3,3,19,4.9991389279524245,3.837154911845057,93.53944896677987,413311.27905479434
112,2,2,48,10.300113194194463,2.198889317229658,75.14233175313026,50000.0
239,5,2,32,10.71107629759345,6.691566308189577,94.13343927869016,480149.3339634401
174,5,2,11,7.137719503422204,2.1549327596988808,67.66172335525064,447532.05257321754
199,3,2,14,7.07578317472872,6.206432574063971,36.3403931999427,366489.0171801811
107,3,1,40,16.571111958121627,7.2407991525067805,93.81811725247225,231619.93739521282
107,4,2,38,15.785856966393712,7.305503467550064,27.556677630917846,327861.9019258222
135,1,1,1,6.155916633614913,7.78124899593637,33.21725220617326,254745.5213809398
98,3,1,28,18.275768877465186,8.855734794090981,70.08084180017403,202240.10434018838
229,3,2,40,19.05630034005012,5.499630927683096,76.53162995253862,360079.89055894304
219,2,1,9,6.534850840600816,7.572242705766141,92.94034838491538,416303.5621921502
119,5,3,1,7.088498975861097,6.57255461829253,20.48024090562095,508765.1648993365
64,1,2,10,10.112683068439177,2.6797594581791433,79.7998035219224,64684.290870180674
103,2,1,12,18.82241625067347,1.2312068038246735,73.85460533969635,50000.0
284,4,2,9,17.52638866284623,3.560872471092404,6.379455625359787,402175.65708359075
237,4,2,13,2.051359251671796,4.9873033570385745,38.722314121020695,438633.8422775925
150,3,2,17,7.854614865428324,6.553953499857907,28.27654570600986,483503.5440166065
274,3,1,8,11.067423794995436,8.649633974528848,30.44904243540304,500860.1702828912
57,4,3,38,10.0626494510308,2.766211450355491,98.29468795547008,234457.75377519362
102,3,3,27,3.8772613587378535,2.129948109086294,64.27774134799279,283792.09042650554
109,1,1,2,17.176335423363092,9.671319527268947,71.76761577934995,136023.3883858436
285,3,2,19,13.538815659936747,1.972401034387664,97.66176373150091,321932.75817519677
157,5,1,5,16.758167497036073,5.306419630964703,37.72017824576387,271716.89041633584
54,3,1,26,17.175285586989443,6.270073559139717,80.1840168452806,235410.93179292488
152,2,1,1,14.967117073314796,5.872369788166944,43.45309633044954,165324.0769438463
245,1,2,28,8.784212024994346,1.7742894132964888,86.95336718149798,179568.67023287836
55,2,1,37,12.210935100308491,1.5132422260325744,18.06575413113032,50000.0
158,2,2,2,3.207308122394863,1.949350847149321,94.76861770642796,339933.4131084427
273,5,1,15,13.472908349498153,6.270289154853512,21.877170841087967,518463.56414467754
165,1,3,29,3.585065114785615,5.89910398870889,32.622050698093155,280013.61347575195
143,1,1,39,13.878991810203136,3.1036671283306982,75.61922341067805,132190.73079711053
96,1,1,1,4.591963215079373,6.739967276610324,39.37551415654067,280741.98764241644
148,1,3,16,2.3510260030043995,8.380607518500845,60.82113767664467,412613.06936247315
104,1,2,40,3.3056898028591486,1.3742106386193438,44.45735010694285,181985.35174886597
217,5,2,11,0.03984270438140536,5.483169491932381,74.23699370897819,707864.560969467
101,3,1,34,14.374792357070605,7.203793708924213,22.833125236861086,345166.1327411533
193,2,3,42,14.648020981167582,3.2708073436271836,5.8457987236877,222677.27054885923
62,1,2,0,10.298666998265189,3.769938147638342,29.992939747306625,210609.87273701926
163,3,1,44,3.227256021107674,6.522741126904454,47.43086648684303,392625.23857153585
173,3,3,14,1.671086750213795,9.081417640993632,16.80200521926786,580471.2735149881
155,2,2,25,0.3825793287457402,8.289319782726094,35.47972896563887,349607.1963020786
207,5,2,36,3.314963539304414,6.248171971896252,39.998301829356855,544295.3648607926
196,4,3,20,17.817110699662933,7.571995459815243,5.739184368827354,395758.03049843357
194,4,3,48,4.830736834033635,4.283402231870188,58.33072481842046,485598.2546325226
169,3,3,30,7.085426544344314,6.76868975288882,88.43434279712875,452856.38323590916
112,2,3,24,2.1069096896266637,5.195634320148013,15.174291295305242,249532.12630822544
68,4,1,22,4.447226094963406,2.7094252281180484,59.7808013401514,254724.09974243768
141,3,3,23,10.384491415604103,7.315644464895315,66.47392049108463,423324.0901360356
107,5,2,37,12.155053661913051,6.008181736139398,41.93346804192883,348312.41596702073
232,4,2,27,4.907046283324221,4.227594237582323,70.109758736427,501879.72480030893
139,3,1,20,1.1546431845023442,9.202052710707676,41.0731543491012,468516.31857593375
278,3,2,42,7.820657382547973,1.1884070604405994,50.46372879774349,383412.7145820919
267,1,2,17,4.684067418526682,3.841958361245464,0.735304455442698,376065.09190850623
166,5,3,35,4.391078464596038,1.511932579998819,69.17201141346888,361912.8210404961
111,1,2,34,19.197256054269104,7.898745845994645,66.13426789447244,63858.71505871425
72,2,1,44,12.32600971851448,7.3189670870241335,3.8400877326344562,214666.8264117865
176,1,3,8,11.137568863441917,3.9821699686268532,36.82501073951331,258828.11814430542
186,1,3,37,8.315502070466438,7.080966119863657,97.90318407916673,291587.0974226641
189,4,1,29,8.578886668602886,4.563435035763549,42.07365625686168,353248.5037846937
294,3,3,43,10.818100076761617,7.806284122801909,50.19454051318417,498587.96915779234
178,5,3,33,13.928596140722146,5.0876529646303545,90.99301581597186,454316.1797018066
107,1,1,31,14.04292192363659,4.71051755048499,71.72618758657563,57155.83388664476
171,5,3,2,3.4338781541089913,9.412569239394708,58.20701311242236,566755.8610255147
50,1,1,2,10.002255041532539,3.2579118990163023,79.78046813410725,90428.0422749557
288,2,1,27,8.239161900682038,2.084026059969089,86.43662664559733,296826.7556765269
83,1,2,43,17.410539325387685,6.260888019335123,45.68880717372669,79837.75682260109
145,4,2,14,12.628378424367527,9.72389631055761,47.51083649318354,515817.6390408607
175,3,3,40,10.650081328319636,4.40055292354468,38.60509356518358,336179.6705375801
167,2,3,22,2.3078928435783475,1.5583308726590337,96.67061400184606,309211.5656724104
97,1,1,39,12.11275778646823,4.0537474057861065,69.71662542903503,50000.0
138,5,3,10,2.3440781136046684,5.553384888876026,8.322306620807229,540482.2907135224
281,2,1,47,6.744131511315041,2.4573070596899234,86.29596233130185,333033.1471754272
286,2,1,31,2.8568392962866374,6.922919962508429,48.05599408362681,393093.3225534267
166,1,3,35,13.841472940487378,9.979744501091805,6.875390642248746,338784.7199516234
178,2,1,32,4.125042276723052,5.065655283832994,54.971725516331105,313616.3737835041
65,5,2,23,7.83718746376052,4.192557010571914,41.716427897570206,338685.42440441996
238,2,3,38,17.913495552375572,4.6063375015101995,87.7749404862625,310962.2691962292
280,5,2,33,4.086327667979406,2.03631560555681,20.399460360938736,563385.2309932988
241,1,3,27,10.156101279175582,8.949462412836013,82.6464609492183,464008.5999081775
240,3,1,36,8.38543322332044,4.733430899692168,55.768869118545275,317250.37542166456
118,2,3,6,0.36248082091459466,4.485469702823572,5.461030321346905,392150.29904756945
71,3,2,3,15.855162271456255,6.937212456374269,97.18453013254846,213823.70066614597
142,5,1,36,1.3809181262919945,4.978300788380112,51.26152441031999,392663.3476117683
296,2,3,0,9.485100419539073,6.8341012192706145,29.08768542315825,561101.9275830097
244,4,3,0,11.213565898778999,1.5530166111770876,46.94068419892581,545687.9964289297
125,3,3,46,12.568529132291742,8.323510093500047,85.7857783517489,316041.7176470175
203,2,2,19,13.772632586157512,9.464535575914624,30.49031243850635,405570.2838511525
193,3,2,18,5.065447670454302,6.838888475434474,19.26763964867003,465715.3967705778
228,2,3,28,0.19957553316898746,9.591093359729296,12.907124693088146,537693.316020993
278,1,1,9,14.468873247098239,2.3628908293296695,29.785939839021125,145638.10030599963
135,3,1,17,10.713131986951572,5.2967457053231835,78.00480870400435,222512.51573017752
234,4,2,27,16.722354064144977,6.416260605509025,47.16263651952617,334922.43416138116
78,4,1,34,16.427767258013887,6.23562982679068,22.748160369353997,308265.9476739536
255,5,2,42,16.866523355757664,4.613156011801389,16.61849996097492,432533.1520018017
269,2,3,46,9.701893199590803,4.042759684296352,33.27294765103791,362903.82141214155
118,3,2,30,6.672567916737313,2.1414162029537693,93.99243728857088,271564.1174868071
96,5,2,26,15.8311640518274,4.5256820550605035,34.30267125900244,238963.10981064045
290,3,3,10,9.0258822605851,2.463947335949366,98.81240759546354,391270.7184151769
143,2,1,48,3.66884392806869,7.609291088429965,48.523045576535615,319639.4731620757
287,4,2,48,17.099480391229488,2.87947841945131,17.916391829015087,428075.0181333978
239,1,2,37,17.651197535446947,1.5270877475608047,89.11400917935094,146557.02726551058
293,4,3,4,9.326195122803401,5.971295240355109,46.03553731348269,594562.4420481209
246,5,1,7,1.5139945461957494,6.357067594474614,70.96713435045244,599423.7260141094
253,1,2,33,7.756521798338625,8.84721755152455,98.37115832091517,400205.34666298586
193,5,3,47,16.070753189252066,6.192834511759137,5.0175350319974,456723.0360831261
267,2,2,11,18.035480570924573,4.109327683511012,9.669455978756714,261498.40623274934
267,1,3,37,4.069454849951917,8.227106933736884,72.04567414627562,460128.7141837383
225,5,1,0,1.3394722405054305,5.862510038686789,28.1825003295472,541079.7952580203
134,2,1,30,17.547009062656773,1.7135225616807257,18.430139695009906,87639.41790458302
88,4,1,3,7.788098779577506,6.09265504281922,3.9361879819729495,332971.62199521076
149,2,1,48,10.835219285351265,9.172166908794962,2.1846711986201806,431967.89086221956
82,3,2,44,19.361316241015178,4.566813629483985,77.4485603119791,105004.11083595279
271,2,2,49,1.331294558284457,3.666932217098201,13.443342736955,365092.0490775625
150,2,1,4,12.966360149041911,2.2912251131621804,46.77206159711509,162065.85944042073
72,3,1,29,1.4821084514973415,2.363009697418216,60.5896815179483,251112.20595631117
299,5,1,23,7.509378569330007,4.89494335907637,42.835180056884624,641055.6887674112
59,5,2,2,16.076290903868934,6.361118417453766,2.7106652336233106,302631.50669663836
295,2,1,10,8.669444655112688,1.7255386465264158,78.35015025879089,244519.85254882398
118,3,1,44,19.94364707805901,9.456117301226492,1.0513224541653488,284002.0645884061
149,3,1,3,11.181185698932044,7.7962025570067635,76.1889894377484,262987.76413695805
83,4,3,25,6.423243052719069,6.279615264552964,89.33044937881228,342886.87799908826
229,5,1,26,4.402226518095063,8.455948038450916,43.28399210571723,573573.6752596593
272,1,3,45,7.010410685723237,1.7216808113090196,53.554247309779825,301070.71304905263
187,5,3,42,7.450665475191016,5.291549899598119,47.698339261765376,526933.3964628864
299,5,1,26,1.3742735544792195,6.67083814175497,38.920861862343884,619031.8822448158
196,4,3,41,7.391483988535463,8.457876155064604,88.74245353703603,482184.99383908143
235,1,1,49,9.284770394784498,8.05122604044341,89.39335106699905,288766.62368005427
145,4,2,5,14.454755044776093,3.493623247420597,33.581636464153455,316013.9941445137
50,1,2,14,13.13458969443216,9.467921526032839,61.5069754014698,178150.4046109964
297,2,2,29,14.175313104583084,2.119112572877833,92.69075621458641,304084.0310655616
118,1,2,41,0.16727363753714197,8.876202567590369,96.20584989413516,356940.3655114553
286,4,3,36,4.353347991610721,9.738462246441568,50.895904042204755,685419.5187741701
53,5,1,36,13.23368576799713,2.5943817090036303,45.28248052843268,216588.8124113459
65,1,1,41,9.679787363594944,7.4985945778340675,27.869431592852578,64128.143786981746
73,1,1,36,0.10626951336691892,1.3625696690019862,95.887187319041,97756.48954513406
129,3,2,34,16.089892848636445,4.648805426252395,14.281430447286736,253911.8422151205
296,5,2,22,15.456191465806748,5.646549692779066,57.9829576047725,549824.6601236501
51,2,1,5,10.968383259871253,6.225807033186706,28.255026751863888,142087.25597739994
290,4,2,3,1.3292665155254424,9.423435234237036,27.90082903477966,675273.6612676643
269,2,1,17,15.330300990651693,7.050256185647752,40.496858737618844,320748.65067344875
177,5,1,8,11.674271754627279,5.331501560973133,99.87929358156545,415768.3618769743
209,1,1,48,15.639199543159183,8.287075326393005,5.4966306839822066,299295.2485004876
268,1,1,28,15.034939847916808,9.55479538858968,57.85418182035315,311446.4130178689
133,5,1,12,16.06004143915674,1.1985953381406176,8.257215803527718,305641.0001508335
201,1,1,46,10.360161328092497,9.842691450304349,15.452082999051896,326700.1646838658
189,1,1,16,2.8064903638703,1.775189251573123,43.95629417728987,232246.44544599272
227,1,2,44,13.423149467593774,8.329481013418853,51.04601313464413,289265.9075342188
212,4,1,31,12.409475701039412,3.5230127729627125,25.8792408364524,381756.44626074174
173,4,1,47,14.845063743981743,2.1896169197848456,31.645713087441617,251797.73525151217
82,3,2,21,3.397620121014706,4.9587007574245145,8.696702025593305,445640.7343079285
210,2,2,3,3.8995039980057844,6.795609215028522,30.32197838442505,406144.9229784338
238,5,2,4,17.80819034438657,4.428566605211275,96.6558439380544,432066.59179283143
228,5,1,36,14.999555969041417,1.4910886745442906,94.47073816724817,278130.79422627186
220,5,3,40,18.16456977400646,6.395150256928449,33.4878290136985,406049.04354222293
150,3,3,48,15.174306423278415,9.121629484996072,57.08539362787616,343603.4718014506
61,4,2,12,11.943106119806037,4.4489382935252655,90.95953911109443,239935.55908724954
116,3,3,33,13.082654740557473,2.946994998677443,0.6183822640896675,396712.83918893395
114,5,2,44,17.782558478800198,4.983196113395339,81.06835703375918,252096.86817886506
210,2,1,21,11.576135090238811,1.4352643994390277,94.83695527889189,128016.52297271234
217,1,3,22,12.647826486567748,8.384388260322474,9.132573433355706,385293.7494988134
123,4,1,2,3.1295343200720116,8.437067298551682,16.144768603292103,376641.61659134907
92,4,3,41,9.478424402322055,6.292004170866655,96.07463027713554,319420.6851253315
93,3,1,33,14.32794223916198,4.177926000445505,53.75401436403463,154203.354550031
78,4,3,31,5.418853966327308,8.198050280012051,1.4196634471723701,485792.6533606423
190,5,1,44,4.045083610490698,5.992183223095305,25.763199876352914,541192.340890215
61,5,1,48,6.276536164488311,8.433390776950146,44.99436742688596,351226.78923529095
144,3,3,20,4.830012559856669,6.683129133247186,69.29089110247676,407186.31078364194
95,5,1,45,4.298252740727917,8.059649258915176,73.31603781367996,373246.39733365073
179,2,1,43,8.49701685736174,6.38706693895984,99.54215129254561,202596.96681892188
292,3,1,20,18.15677027767068,4.7272696139409955,28.7511199383759,366096.8685019569
291,2,3,43,10.141192934774367,9.621512739335238,53.82201018684752,438428.04291570745
84,1,3,10,3.7584076163064606,5.870024423909602,53.332354785960504,246418.88989355403
264,2,1,38,1.5394333876174815,6.445805666864845,40.56452594472375,399480.8184937984
130,1,1,3,13.923122902758504,2.984388754732743,16.91618938424202,146482.61068946178
139,1,3,0,7.655975288727756,6.6308571048454885,97.74565631838425,376256.0660137645
57,2,3,27,16.436618931707187,6.144468845346495,85.3317186666586,70777.92911636215
142,3,1,23,13.190215372815404,2.6635455815232243,49.83330282942372,102801.1823427201
203,5,1,34,15.92482901082737,1.5362838761782935,60.32454226840298,284070.7720135873
251,5,1,12,5.438920788368975,6.439233877432939,22.72610535596623,582817.3067848738
139,1,2,46,13.847178449221163,7.873230424152885,54.37870703917469,205736.43580912362
211,1,3,33,5.281239693874376,5.710612338298074,69.49701331214759,322335.3174094267
164,3,2,10,18.78136958900583,3.0409536278768114,51.51670283865888,201215.06030687693
154,4,3,35,12.727485630667488,6.998697790237315,99.02851705849413,390560.36149585445
184,2,3,16,6.490236003506842,1.7209515394864203,61.13416562477262,348971.1325745156
245,1,3,34,5.390237245845453,4.976503343217591,37.09737125921691,280326.5702603747
107,5,3,17,3.81853170143287,2.470300825585782,77.21520276158381,384166.12616502197
294,3,3,39,13.892819177874555,2.6601314595389502,17.046251158164203,411441.7515300045
163,2,3,21,4.374312259958546,2.820645542423833,38.451581370626656,279545.19233304105
286,3,3,23,11.906065318549782,4.480363513395801,34.69589503775858,542757.1511519038
124,2,2,18,5.292700538507146,1.4603518505835786,43.180709510777724,188919.18285977442
206,2,1,36,13.239378895877373,4.580140968361883,78.17798259287262,218055.4047616635
169,1,1,38,16.298794570810784,5.605367024032308,48.41730321634075,163711.84800648253
213,3,2,20,15.560504862893064,5.349648564696927,79.40144502659628,285122.960711615
266,3,2,7,15.217026618615634,4.445056903627365,57.64889031398659,284577.77433917683
70,5,2,27,3.7544481138450414,8.552319472636771,34.206943465755536,447965.71023558057
298,5,2,4,1.7676989396903742,2.3079402317845368,80.99787436834724,643454.9058509654
213,1,3,16,13.978976569747712,5.5512706940323655,23.828967055309157,279476.40831625863
187,1,1,36,7.366944275887026,1.5583727526089888,22.43829797997955,134957.14823037083
150,4,3,35,8.646924528066947,1.6404011099011877,50.45029240548358,372397.2411897486
250,5,1,18,0.6229818558678213,6.164792647093867,26.084924596208893,599484.8272839421
201,2,1,26,5.191528985500984,6.094165823990388,0.9087034951216322,349005.6341947262
241,3,2,33,0.6735280774892805,8.902301615600113,64.82975272988016,564368.6796553349
276,1,3,10,17.583715452024954,6.020863080940659,51.1093821472398,363562.9265058831
226,3,2,44,4.867933664370609,9.638119183643651,44.55178144931612,632892.8328911362
148,3,3,46,11.146743391460161,1.4382536355993678,96.69685146183153,252311.01844934112
289,4,1,11,0.7795864132226082,1.8820691630266695,57.11991839629137,567277.5582495788
85,5,2,20,13.33694782611316,1.3965927541334326,86.34315777893845,201092.48798267505
259,1,2,10,6.460546915081878,2.66749165300186,13.945023620516018,289478.4468004866
290,3,1,38,17.958383739153316,5.871430998475103,56.92064631294277,344501.0269024537
280,1,1,27,17.762363778680715,6.810149632846852,86.7979626730903,253538.86929656458
145,2,1,4,6.505812367234956,1.4102664215380192,58.3105757279898,151066.27982618607
201,4,2,16,18.019217913809356,9.513738008610394,71.80141781270015,410417.14563256357
200,2,3,19,19.923153469975578,8.579488389853429,37.20435678122074,344721.93479265895
239,1,2,40,16.508313282478962,3.669512339413838,9.244951703706661,230704.30786253783
273,1,3,45,16.897426955104578,1.6946877720382116,45.79002951270714,235238.8638025785
86,5,2,11,4.980174722181799,2.5289836589715153,39.44793908388575,380602.19292254164
61,3,2,5,11.534047977155126,2.142499723794754,86.70601823789474,124806.07262189363
162,3,1,16,1.345118279347357,2.1095540136905218,24.399530235247223,316845.10103027103
232,2,3,18,1.8983587364333943,5.667055197991606,96.6734227535108,390073.235319049
62,4,2,25,19.97785224066581,3.212626982440603,95.81381198044961,202805.86321118393
72,3,2,47,6.532784988518219,4.2232574487623005,24.76316430714387,242428.23516745653
266,5,1,43,14.963678240976927,9.905548000458902,34.80519554773205,522828.9270358002
148,2,1,43,16.13330106053633,7.158828240328103,89.55557408738851,125626.16308488158
154,2,3,31,17.160465420144583,9.540826003423012,96.66222208961075,430663.6499385979
79,5,2,5,19.95256594804313,2.28300899529804,44.3439102836044,154296.16367258254
66,4,3,35,4.829929705137356,4.439255273493123,32.099704564089784,323993.55985614035
162,5,2,37,0.8070165371939941,5.992586229541189,52.6094013251542,541268.7003706098
111,4,3,10,8.22383035989172,1.6908225569986421,68.77692063657348,338200.3355099828
133,5,1,32,2.601613396578939,1.0376869926516208,27.34745153749798,409960.48287927825
161,5,2,23,0.4485177832411025,7.033909004172258,73.64731746190728,637749.7689085436
266,1,3,22,7.208536542829722,6.776375651212918,5.165735711464103,470167.16251326475
135,2,1,14,15.67476502150473,4.697099289996506,4.929449276441645,132928.07094832862
190,5,1,26,11.323613824501418,5.4067966842882935,38.628770514554525,406738.15392738534
236,5,3,10,6.255559784207081,4.738987005328807,35.34731920607206,595942.1012871637
68,3,2,49,13.086840109854394,1.2160454036039998,31.56332153671523,210082.14828046964
226,2,2,16,4.640363606176214,4.018344455957162,49.101976266891,309521.9910027208
149,3,1,13,0.2876289214417005,2.5937402985756086,32.07335823115712,409090.66290277796
189,2,2,26,15.287067728728548,1.8858177019123188,19.225791846809194,207228.49930487713
238,3,2,17,12.474861697280183,9.610483905004148,30.946954908860093,524879.1104343251
282,5,2,27,15.2460524900192,6.3942375253794905,97.4904272810235,486579.2761350895
196,5,1,46,0.7787603337533122,7.5579065581294245,41.11134169948486,510693.2254689966
125,1,3,46,16.742392556613044,3.8382736893950575,44.47127768583358,143649.54834892054
58,3,2,3,12.390524000726067,4.538324165446137,57.654498995114004,235755.54515938615
248,4,1,6,11.267907014252803,3.1323159450705114,98.33407684142266,421403.05862515693
77,1,1,44,12.492280962290632,1.8726910386888227,24.160127643576303,50000.0
255,3,3,34,17.288664937367283,2.611284736974254,68.12821105324338,276283.83867319813
272,3,2,47,11.73873013117814,8.177626407668374,71.59846935417241,367426.64241330774
177,1,2,8,11.619007597763586,7.097912246653983,60.73244167930659,315370.6115227608
101,5,3,7,19.813583141315316,5.922359883869293,8.857833963664408,371076.9234045998
132,3,3,44,15.13460334137136,5.275808855800912,67.68722758275764,200037.3982677279
299,5,1,16,8.845876109022706,9.30190855290512,6.409471103617548,630445.9907512354
160,1,1,16,14.147940000658554,1.6546145300080157,59.61426495498969,62467.81751850789
193,5,3,48,7.78460943383577,3.5254073191412436,73.95811772217426,366533.7715842591
166,2,2,32,4.57750924966998,4.149440682136427,21.096989061995043,279781.1067847745
118,4,1,31,11.937037537755188,8.04183230991509,84.1622007542774,259693.6526032935
148,3,1,7,18.56364196227903,9.932631581457741,3.0353805533004263,311874.5711353175
189,4,2,18,18.582790400309253,3.1660346328143776,84.3812863658306,229367.2705538016
74,5,1,37,6.838105562109806,8.868766007233726,46.032905064276505,321627.56594810076
229,3,2,2,10.553549324433899,8.47560484388612,21.75879399316445,591226.7181652753
172,5,2,4,4.232717971397224,3.0219165787758997,13.3778144993968,552049.2811633089
262,2,2,12,19.912622189977668,4.593993221793003,95.33071675823726,216137.31308096542
277,1,3,46,19.622358157358715,4.687055823632672,7.266558758115671,278505.325352689
102,3,3,45,12.990178594148947,9.803986016739024,19.909341993592566,374096.5178875595
200,2,3,30,16.088281193549467,2.628027112410085,34.7822347433046,293840.9056797286
193,2,2,15,14.302003225674,8.192421739943038,62.023484896112045,286886.40876106085
106,3,2,49,11.863164380789364,4.007734427557989,54.480108527609836,255888.32967858255
88,5,3,31,1.066959939777954,7.577833111985443,12.564349241231398,504209.62301096687
158,2,1,21,9.09528685105322,4.780099038660966,28.972798373821462,190369.59286734572
230,4,2,28,13.49572604334821,6.20523786804886,23.875177108602408,475416.73633891874
91,2,1,21,13.550632277673692,8.493505959935181,21.354285449034137,288224.57490357105
235,5,1,42,7.462452368447671,8.237490084854958,41.1144336479987,671963.5098651573
216,5,2,2,18.833839733160612,8.797808651857302,70.40314525916568,416429.93982144643
191,4,2,9,3.34714064473562,1.5365559281019312,21.745293221723593,463333.04975786
272,2,1,41,10.007188924311212,7.228454977357703,36.66788797029814,366673.20412921626
171,5,1,20,13.817679531016456,2.2598863904958657,39.09174268411623,357642.99668389617
182,3,3,15,13.942716117836184,4.742367112165699,97.64565294354102,240072.87703161905
212,1,3,11,12.97277913537631,5.937295735492196,95.46663568790689,219146.3167271992
264,1,2,1,5.505764269037203,4.624655362721477,80.01375827520759,331634.84426812956
270,1,3,40,3.1241313737324394,5.6765050822270675,24.165892081918518,444154.04414966196
284,2,3,23,12.718806536534217,9.968736779187573,6.803731409166969,487730.74118690804
124,4,3,34,11.986042322788755,2.2169558234156925,31.690413772062477,321586.20355006604
195,5,3,29,3.5871202057848195,7.07910440802783,26.679454943383085,649715.8895439126
288,3,1,29,14.102782911411268,4.564008697470537,50.59258001463939,393934.93189024617
125,3,2,46,9.103439834673129,2.197088190165959,77.7727910067793,283960.3519362416
58,2,3,34,13.355211832063059,2.428630870368786,85.8322938878858,106895.68361556936
123,1,1,18,16.747341595403014,9.543457956210553,84.48640854105085,105307.70338264713
235,2,1,49,3.3945685715384633,8.916413470405859,35.967556122306775,510567.6313084961
285,4,1,7,0.3828973599367336,9.163377643735197,68.72343434606829,622819.0503220026
194,4,3,25,15.582051727915736,9.923794982446479,31.283419752422002,531534.5974778397
279,5,3,48,12.193948503052319,2.8748385100766614,6.090554323518271,582198.7188370063
56,5,2,39,13.992791392442435,4.198954036276556,70.15652656029422,258807.30405747963
223,4,3,6,16.76309949977285,7.022971269323801,0.9827552569787845,404529.1121020256
190,4,3,29,16.05621869649001,5.354222858745826,40.91825874584886,331152.5325116024
217,4,1,6,19.218402938576492,4.765505800405002,32.937926930207574,393794.3465014881
219,2,2,2,10.718701577042363,4.220301244020337,69.33775385188524,311093.9979018997
186,4,3,0,9.769912653198107,6.34402568749107,76.62454727603789,470847.7903269297
227,3,3,35,8.037743997814601,6.180340857760738,30.409463597128383,497965.86618668505
76,1,1,24,3.073820856884091,2.453120506578161,81.16270144448535,144558.9939444958
171,4,1,36,11.45214465764045,5.2456585376659515,29.391676050493377,354635.8767709409
243,1,3,0,5.540250486519575,5.981245985888649,44.63263599865612,414472.6782922258
54,2,2,14,18.42615024425951,6.1325824485825144,72.7018527014134,86405.79789173062
78,1,2,36,11.663816085541951,2.890964736211166,69.29202292247886,101430.06367213152
214,2,1,12,11.856803610162203,7.6804425302705805,98.73684723122,345350.8674415692
215,3,1,39,7.0984932175402005,1.2267918533896267,22.51610242159319,285427.8536507045
132,2,3,7,1.0397870395541498,4.193486699888464,66.23179135395823,409461.5835749057
185,2,1,4,0.6348753074597724,8.021913836820701,60.96819082757774,428153.7224915382
289,5,3,8,8.46670288306395,6.075036289498621,91.509845449003,569495.6655181118
158,4,2,0,1.691307561944757,3.350461892597742,15.636214164487505,422329.5202050962
114,4,2,35,12.136939110802782,7.254578074087429,75.1798163586933,276195.2203788858
135,3,3,34,17.61946011279315,6.106518497404661,56.826861626876834,244901.83717653895
293,3,1,1,17.658296330374444,8.166192485107484,27.46658697879054,506693.80682581954
194,4,2,39,13.180908202644648,7.61522667570841,47.44349141471741,371518.9467288376
120,5,1,22,4.224636629458621,6.490971298326112,33.37765970697978,458308.0178693513
266,4,2,8,17.259936627177442,5.393599077797326,57.931340278846086,391472.4778633784
94,5,3,33,17.721868706264164,2.1986391310077105,88.90006108146659,210288.61295320743
181,3,3,45,3.933071699059174,3.351997160968454,56.9304984412202,299741.9164089046
85,1,3,13,14.748521715413546,4.771895256253767,63.17224183265841,117339.6555967838
119,3,2,3,5.730390978542459,6.393693583057498,51.874784711470944,360947.3005297418
208,3,1,29,16.052806247058594,5.6233706969377435,5.116550644547591,335395.4733476799
68,2,1,30,19.944757998072053,3.5936607336357653,23.285855687609423,50000.0
238,2,1,37,0.6005201065878563,1.058179220107395,49.20017294320827,261638.69061706297
157,2,2,10,17.947317315818637,5.466152997107326,31.023528374470477,275548.03479890205
231,2,2,34,12.452610671973162,3.570633897060188,18.176359776119423,305313.5433445122
216,5,2,7,19.467652383296425,7.611474706394816,50.41328419184383,461266.0040578845
140,4,2,2,9.300190350528553,1.2155163874343513,32.28097934478503,312708.8169017521
251,1,2,13,16.947758611427474,6.263450301752118,25.810764317341473,264998.16540098586
139,3,1,12,1.2478813719655446,9.473268137554589,46.39854174403808,471677.3951468536
68,5,2,44,6.705581001565914,2.5696834040034955,13.328425808217315,335453.06695673126
88,1,2,31,1.3403307550241994,5.244845416755358,92.77457330754073,124761.52956381704
175,5,1,33,19.50686266958141,1.8227979263542435,86.7702097919239,193064.18506800404
244,5,2,44,16.339478145436736,6.631137210352174,70.76205857405353,431099.58494546986
222,3,1,18,17.05094842491941,5.954785125366031,10.621382758845622,340084.05716341763
190,4,1,37,18.759304628677885,4.666289717915491,77.5877254469693,309604.43564440263
291,2,3,15,1.702069722395707,5.692393193263671,80.7957328109019,483842.2595060263
269,4,3,1,7.711951850266667,9.069171926221092,76.77646177143377,598977.5967951462
175,3,3,39,1.4206977808800425,2.766648720799603,11.396588711924116,385800.996718902
107,3,3,16,4.215862031000572,1.203080605348125,64.39079570677647,240631.21443834144
197,3,2,33,4.587315540753448,8.75498396229191,83.43247957493986,444150.95929522073
269,1,3,41,9.382144220951574,6.1940537414911585,57.73534012196677,407732.0735587226
249,4,1,15,5.371243349072852,9.015926099156582,64.6407375228089,505593.94496278145
110,4,2,37,2.019562136355222,6.372507010718553,45.83634794263062,438727.0646371487
176,5,3,1,3.349821781882154,8.291449809637323,52.87073198840526,535800.3008788055
154,5,1,1,2.9455112710418185,4.8670602701963315,3.4376858351725215,471100.34995381185
216,5,2,25,19.461535958245967,7.748739381594419,63.89630219732846,412936.81193986523
50,3,2,12,15.185850138369473,9.217373202008703,8.14472128911592,360159.5856576246
180,4,3,46,19.35522930539124,6.1491066734998565,43.50145943402234,317938.9954614392
254,3,2,30,8.794809730158171,2.627066355061416,29.265509766740784,273898.30124373036
141,1,1,33,5.567369633253132,3.4191785352717834,54.54279502117131,73494.0315192562
239,5,2,38,15.965863944183734,2.787801192076652,13.341633552320708,402128.0469408695
298,3,1,2,6.525078360822936,3.2217132483615964,69.16434019733182,471289.8540498321
240,3,2,7,5.987667474106965,3.7577390441593272,79.50115369284704,437300.32217705605
162,1,3,22,4.650119844156624,5.996204080778696,16.33544497431565,353633.6659768994
202,2,1,13,2.593579564484707,6.291924665174495,10.431308735188216,471800.02316633204
105,4,2,26,5.129261220335319,4.83849772517675,14.551548278735915,350222.0071239573
210,2,2,28,7.106394969477754,6.538787018387519,87.71275618985017,402600.94037938904
215,5,2,38,13.479884162914608,1.7341743305022934,52.81892617563562,278874.43764176115
166,3,1,38,1.2512968443890315,1.7900941335234397,46.72609960075026,262678.4727793
183,1,1,0,4.210138793306859,2.546465143218926,10.671181910235427,176140.2542296014
107,1,1,16,16.180472805833528,5.662697482363103,64.95560067569618,76229.15621758907
93,4,3,40,2.9384384716754153,2.925952108284822,86.799959189509,326421.6169908707
222,2,3,29,6.852902930450431,3.549559631433196,82.8185869323453,349757.94446931296
209,4,1,12,17.2931784371628,4.602815525556947,62.60547089808013,317915.9583348276
222,3,2,20,3.098506222868853,8.306795116093419,7.527871665167362,497009.23772000975
110,4,3,18,1.654736712363798,1.124759223215741,11.239702717601297,372815.9237612154
96,1,1,18,9.690759901600217,6.8444093821296015,4.930898710982468,120642.8058408112
198,1,2,24,6.048390225570728,7.019888779366168,25.74792164924693,419201.36126360507
129,5,3,21,11.268167289677082,8.187902023209729,13.566146716037775,477111.9905645048
167,5,2,30,16.076097809669502,9.39477645154282,26.004804025243388,436687.8429693551
262,3,2,16,2.7429697630548633,1.1812406405436084,38.50580557189617,512389.2288165796
252,2,2,22,11.6139816910857,2.3840533496189455,94.29827840711357,212279.78420050367
278,4,2,31,10.110175207797278,8.975541646503938,61.03760597816921,498610.9221614229
213,3,3,9,2.8815757202639913,5.126667059683138,83.49737856829623,421157.8784634464
276,5,3,9,12.479969710579649,6.0813157504011714,71.03515007123322,564915.4737816362
196,4,3,35,5.472808357215433,6.967244833508326,11.250313052663174,551573.2380535605
69,5,1,7,9.75668637088025,7.111599440460736,73.59204063739489,386852.87818760646
234,4,3,19,1.6454464855412376,9.385663629848574,27.509888155912442,791103.6295383513
195,2,2,31,9.191681144272462,9.972544756705027,63.91078469947063,287107.0686316024
96,3,3,49,6.129269360856407,7.481417148378462,34.09619736429885,388724.3301330766
282,4,2,13,16.447624223707088,3.5849908828463573,99.76722632646592,358483.4336280117
98,1,1,49,1.1395745399473656,8.917771620649091,26.355147949677782,253461.3555942306
63,1,2,27,8.3721454983666,1.4429882308668545,27.913047077426967,50000.0
192,4,2,45,9.16862848262876,3.079727675870466,93.06722555623983,284936.17237260315
208,4,2,23,14.500121525982374,9.076471457173433,2.464440463632267,564522.2353820014
50,4,1,14,11.48575150180422,3.3057236299541946,69.66889878731969,224537.37453807698
166,1,3,21,13.344246743883621,2.9858595365957363,72.53263907358782,176168.20268415337
103,1,3,29,15.540985713035123,2.243127638262225,83.63785774103994,129184.5543887233
167,4,1,3,17.244059473163777,8.732005818822248,97.44393106384753,271851.10784793965
52,5,2,12,6.2775099344494105,5.50052433271978,97.56019191566524,281920.0347855225
193,5,3,22,10.76045410727806,7.074038827487393,6.527675756646389,432714.01098890963
264,2,1,7,16.802161568783998,3.151597456675267,82.18393227529025,205947.64030185586
234,3,3,17,19.78902261930113,7.822363789100948,64.63099336573814,391326.4792413762
252,5,1,11,17.790386220875263,7.840049904658886,64.73421343730912,472672.95806238713
61,1,2,30,7.429345252487536,3.8133822241747013,12.83499266146948,144023.79118087792
123,5,3,13,3.9033303443730083,4.696143697092546,65.01871664456533,401827.370622534
273,2,1,33,9.787850748131774,2.8872124968718076,98.24825806012478,320899.35055675707
65,2,3,17,14.832829036720845,9.789049209906139,91.1818569539447,251843.14126589187
249,3,3,33,9.851381415065951,6.810423193525705,43.91306608048505,508390.830752912
151,5,3,10,9.66361726627337,9.41089492643964,3.994797328609434,475946.21832225175
253,1,3,40,16.764608421636012,3.7304698926621986,36.229349000020484,257423.18207676313
201,1,1,11,7.228075581343727,8.037018216972008,82.63903116005552,257751.83095009872
205,4,2,48,17.195893496232912,7.892727794962678,70.1499101465166,347954.503236098
166,1,1,14,8.136096019034472,7.224900866798874,45.93436555939564,298888.11929775414
57,3,1,30,6.564662113566788,9.690750777401204,5.510153515883109,336967.9979672103
171,3,1,48,9.07979822399398,4.54199802495684,42.68947278233026,239120.24287906592
141,1,2,28,15.24893917349737,2.1764559123078158,46.90249397178835,90902.13733450935
213,1,3,25,2.5200405572798856,7.045379733196547,92.85555328941359,320702.6466842431
139,4,3,17,3.9283843174403477,7.563788204294855,64.10861035821594,549450.9855273004
185,1,3,31,19.028896513261838,6.175545161129332,31.16529166546489,201375.09128242327
235,4,2,21,3.5098325476271475,2.8613610382005663,52.53182644507214,525790.47927797
109,4,3,37,11.354546358621091,5.540103475024198,6.605530782216007,329627.2561683629
227,1,2,16,11.586289333238756,3.8097076291221645,97.25682356497369,206524.04804723978
77,2,3,22,9.792489241004896,4.8471987535002015,36.0059901930726,187806.74823152646
269,2,3,23,12.894904971536372,6.8069671826019755,47.78673549131358,463105.6227756727
150,4,1,49,4.596534515952369,7.706932684217511,35.52839742369226,385937.5519465566
90,1,2,7,11.053245355534964,3.090022218112088,68.25117301162001,142372.17592184094
277,2,1,40,7.4434651049379426,4.64792824582258,66.2232158329593,333289.68606712803
241,1,1,5,13.23334519258378,3.4224541389246625,71.53223105291356,117551.35033161768
204,1,1,4,2.8244708674629893,2.787684524756822,26.814322961192083,265586.1169505872
295,1,2,43,11.417548336789524,8.050484979962546,31.566848116406597,334095.38145501
240,5,2,28,3.705407107666474,9.183274249932932,12.525123109620795,664043.9885513004
194,1,3,27,5.572861262300728,4.3320896711611905,65.55099718461126,245617.29542418636
250,5,1,10,4.3741960064716645,7.761510319363902,3.979712733565255,675797.1449915096
210,4,3,0,3.656755597376342,9.0729576042797,59.768233552345905,610453.6863180063
294,2,1,42,16.51421903121334,8.615117894772084,86.96958848516338,336795.57360278966
261,2,2,18,5.714151353217806,2.6453204968530333,89.08321482896335,387017.89587978006
254,2,2,8,18.542475637288987,9.606626933620252,44.90377603699617,438451.24098481017
269,2,2,26,19.398530506903818,4.390087963865162,45.930368821307376,272846.3322091288
289,2,1,33,11.425209398741947,4.0531659505645266,7.696918300801736,310402.75089600566
206,2,2,43,2.860022453314528,1.561881945500023,67.07650254430358,203400.68229909695
190,2,1,3,7.490964867591625,5.375562886943947,82.12594203728455,274236.1501925614
95,4,3,35,15.954645266964281,1.9811225407683584,24.465505460471306,186982.63308309062
84,1,1,17,7.34781457394141,3.236858388346834,42.13008816333647,122546.85059546918
183,3,3,14,1.740344366055775,3.8524835959055324,83.88393367652704,409446.91736238805
131,5,1,12,11.135698218563759,8.279436911425156,87.7120467662288,443772.3812623226
164,3,3,18,16.902417029920695,8.879397853563068,24.317998026422593,351755.6241953086
246,3,2,48,15.918527742870047,3.722196857153227,55.057063454136426,292878.06964464876
96,1,3,5,3.5024628026070648,8.728283091201165,19.249315063582706,420115.7484260057
202,1,2,47,13.455292288249334,8.71507843632812,10.187876413955655,316745.96833483956
243,1,2,11,4.410085268712942,7.881858553463862,91.11205013919576,406978.4162281217
59,2,3,36,4.364150691043445,2.320256026136634,82.05075042321091,144641.01630393392
105,4,1,16,17.481435466103704,7.212905622106561,76.00349018031739,218780.44285518664
79,2,1,22,4.993379054804603,9.505216581225119,4.876631881314042,282201.5624882019
291,4,1,25,5.264946930360224,7.1428643089044135,84.37287927102575,516971.0339498282
158,4,1,28,0.013067815225991097,3.984551641970506,43.804407590538375,455441.44282909675
54,3,1,32,17.413380682510354,5.505213856877481,34.23951232958596,109756.30058303967
168,3,2,26,15.851896264182695,6.811525390159483,54.647636102537646,234899.0736410324
297,4,1,24,12.54657870181356,5.595133678556532,9.135324272355582,573277.6890698065
82,4,2,9,15.005315278776845,2.0795764755787283,75.66465493523988,202704.30881344434
167,2,2,46,3.040971348489836,3.808576401868186,58.24350768882959,227292.89068239208
114,2,2,22,9.16647189175151,8.221564274982693,18.659009687316754,293344.61537643924
195,3,3,20,7.024387746975618,8.752762414859657,18.82321997690456,515944.0799804055
