Bottleneck,Cpu_0,InterArrivalTime_0,Memory_0,QueueLength_0,QueueTime_0,ResponseTime_0,ServiceTime_0,Throughput_0,time,BrokerId_0,Timestamp_0,Throughput_1,Memory_1,ServiceTime_1,InterArrivalTime_1,BrokerId_1,Timestamp_1,Cpu_1,QueueLength_1,QueueTime_1,ResponseTime_1
False,6.048676457651184,0.000000,11870208,0,0.000000,0.000000,0.000000,0.000000,2024-05-22 20:23:46,,,,,,,,,,,,
False,3.0649651484038962,0.000000,14094336,0,0.000000,0.000000,0.000000,0.000000,2024-05-22 20:23:47,,,,,,,,,,,,
False,2.0524579349567214,0.000000,14094336,0,0.000000,0.000000,0.000000,0.000000,2024-05-22 20:23:48,,,,,,,,,,,,
False,1.5472976075931957,0.000000,14094336,0,0.000000,0.000000,0.000000,0.000000,2024-05-22 20:23:49,,,,,,,,,,,,
False,1.2405043362672619,0.000000,14102528,0,0.000000,0.000000,0.000000,0.000000,2024-05-22 20:23:50,,,,,,,,,,,,
False,1.0358582297577308,0.000000,14106624,0,0.000000,0.000000,0.000000,0.000000,2024-05-22 20:23:51,,,,,,,,,,,,
False,0.8873628078533113,0.000000,14110720,0,0.000000,0.000000,0.000000,0.000000,2024-05-22 20:23:52,,,,,,,,,,,,
False,0.7776235428874501,0.000000,14118912,0,0.000000,0.000000,0.000000,0.000000,2024-05-22 20:23:53,,,,,,,,,,,,
False,0.6918094958103463,0.000000,14118912,0,0.000000,0.000000,0.000000,0.000000,2024-05-22 20:23:54,,,,,,,,,,,,
False,0.6223673735624833,0.000000,14118912,0,0.000000,0.000000,0.000000,0.000000,2024-05-22 20:23:55,,,,,,,,,,,,
False,0.566212125765153,0.000000,14135296,0,0.000000,0.000000,0.000000,0.000000,2024-05-22 20:23:56,,,,,,,,,,,,
False,0.5193326567052016,0.000000,14139392,0,0.000000,0.000000,0.000000,0.000000,2024-05-22 20:23:57,,,,,,,,,,,,
False,0.47910077705470017,0.000000,14139392,0,0.000000,0.000000,0.000000,0.000000,2024-05-22 20:23:58,,,,,,,,,,,,
False,0.4452419412295028,0.000000,14139392,0,0.000000,0.000000,0.000000,0.000000,2024-05-22 20:23:59,,,,,,,,,,,,
False,0.41535790436957776,0.000000,14139392,0,0.000000,0.000000,0.000000,0.000000,2024-05-22 20:24:00,,,,,,,,,,,,
False,0.38953059189098654,0.000000,14143488,0,0.000000,0.000000,0.000000,0.000000,2024-05-22 20:24:01,,,,,,,,,,,,
False,0.3667994909245619,0.000000,14147584,0,0.000000,0.000000,0.000000,0.000000,2024-05-22 20:24:02,,,,,,,,,,,,
False,0.3465814297422242,0.000000,14147584,0,0.000000,0.000000,0.000000,0.000000,2024-05-22 20:24:03,,,,,,,,,,,,
False,0.3282188400639061,0.000000,14147584,0,0.000000,0.000000,0.000000,0.000000,2024-05-22 20:24:04,,,,,,,,,,,,
False,0.31187340889671744,0.000000,14151680,0,0.000000,0.000000,0.000000,0.000000,2024-05-22 20:24:05,,,,,,,,,,,,
False,0.29715432372710904,0.000000,14172160,0,0.000000,0.000000,0.000000,0.000000,2024-05-22 20:24:06,,,,,,,,,,,,
False,0.2835241443264006,0.000000,14176256,0,0.000000,0.000000,0.000000,0.000000,2024-05-22 20:24:07,,,,,,,,,,,,
False,0.27127828877516547,0.000000,14180352,0,0.000000,0.000000,0.000000,0.000000,2024-05-22 20:24:08,,,,,,,,,,,,
False,0.26004466843439344,0.000000,14188544,0,0.000000,0.000000,0.000000,0.000000,2024-05-22 20:24:09,,,,,,,,,,,,
False,0.24956200370976914,0.000000,14188544,0,0.000000,0.000000,0.000000,0.000000,2024-05-22 20:24:10,,,,,,,,,,,,
False,0.24003068091365892,0.000000,14196736,0,0.000000,0.000000,0.000000,0.000000,2024-05-22 20:24:11,,,,,,,,,,,,
False,0.23116221735000486,0.000000,14200832,0,0.000000,0.000000,0.000000,0.000000,2024-05-22 20:24:12,,,,,,,,,,,,
False,0.22285916679532772,0.000000,14209024,0,0.000000,0.000000,0.000000,0.000000,2024-05-22 20:24:13,,,,,,,,,,,,
False,0.2152406222958352,0.000000,14209024,0,0.000000,0.000000,0.000000,0.000000,2024-05-22 20:24:14,,,,,,,,,,,,
False,0.20810238616089433,0.000000,14196736,0,0.000000,0.000000,0.000000,0.000000,2024-05-22 20:24:15,,,,,,,,,,,,
False,0.20132537292594038,0.000000,14225408,0,0.000000,0.000000,0.000000,0.000000,2024-05-22 20:24:16,,,,,,,,,,,,
False,0.19508507652383802,0.000000,14229504,0,0.000000,0.000000,0.000000,0.000000,2024-05-22 20:24:17,,,,,,,,,,,,
False,0.18912942355527446,0.000000,14233600,0,0.000000,0.000000,0.000000,0.000000,2024-05-22 20:24:18,,,,,,,,,,,,
False,0.18361167070562398,0.000000,14237696,0,0.000000,0.000000,0.000000,0.000000,2024-05-22 20:24:19,,,,,,,,,,,,
False,0.17840501797767383,0.000000,14254080,0,0.000000,0.000000,0.000000,0.000000,2024-05-22 20:24:20,,,,,,,,,,,,
False,0.1734021922964503,0.000000,14258176,0,0.000000,0.000000,0.000000,0.000000,2024-05-22 20:24:21,,,,,,,,,,,,
False,0.16873948773240166,0.000000,14262272,0,0.000000,0.000000,0.000000,0.000000,2024-05-22 20:24:22,,,,,,,,,,,,
False,0.1643090163087346,0.000000,14266368,0,0.000000,0.000000,0.000000,0.000000,2024-05-22 20:24:23,,,,,,,,,,,,
False,0.16012027230581263,0.000000,14270464,0,0.000000,0.000000,0.000000,0.000000,2024-05-22 20:24:24,,,,,,,,,,,,
False,0.1560857513540645,0.000000,14278656,0,0.000000,0.000000,0.000000,0.000000,2024-05-22 20:24:25,,,,,,,,,,,,
False,0.1522939562250687,0.000000,14295040,0,0.000000,0.000000,0.000000,0.000000,2024-05-22 20:24:26,,,,,,,,,,,,
False,0.14864182751535743,0.000000,14303232,0,0.000000,0.000000,0.000000,0.000000,2024-05-22 20:24:27,,,,,,,,,,,,
False,0.14521339093857938,0.000000,14303232,0,0.000000,0.000000,0.000000,0.000000,2024-05-22 20:24:28,,,,,,,,,,,,
False,0.141938212806182,0.000000,14307328,0,0.000000,0.000000,0.000000,0.000000,2024-05-22 20:24:29,,,,,,,,,,,,
False,0.1387584048019413,0.000000,14311424,0,0.000000,0.000000,0.000000,0.000000,2024-05-22 20:24:30,,,,,,,,,,,,
False,0.1357566953301543,0.000000,14315520,0,0.000000,0.000000,0.000000,0.000000,2024-05-22 20:24:31,,,,,,,,,,,,
False,0.13287839795204157,0.000000,14319616,0,0.000000,0.000000,0.000000,0.000000,2024-05-22 20:24:32,,,,,,,,,,,,
False,0.13008532573336423,0.000000,14331904,0,0.000000,0.000000,0.000000,0.000000,2024-05-22 20:24:33,,,,,,,,,,,,
False,0.1274488436298265,0.000000,14340096,0,0.000000,0.000000,0.000000,0.000000,2024-05-22 20:24:34,,,,,,,,,,,,
False,0.12491505176887469,0.000000,14344192,0,0.000000,0.000000,0.000000,0.000000,2024-05-22 20:24:35,,,,,,,,,,,,
False,0.12243538108885084,0.000000,14352384,0,0.000000,0.000000,0.000000,0.000000,2024-05-22 20:24:36,,,,,,,,,,,,
False,0.120094894104665,0.000000,14356480,0,0.000000,0.000000,0.000000,0.000000,2024-05-22 20:24:37,,,,,,,,,,,,
False,0.11783616140812019,0.000000,14360576,0,0.000000,0.000000,0.000000,0.000000,2024-05-22 20:24:38,,,,,,,,,,,,
False,0.11566731234627987,0.000000,14364672,0,0.000000,0.000000,0.000000,0.000000,2024-05-22 20:24:39,,,,,,,,,,,,
False,0.1135447924450427,0.000000,14368768,0,0.000000,0.000000,0.000000,0.000000,2024-05-22 20:24:40,,,,,,,,,,,,
False,0.111527102643753,0.000000,14385152,0,0.000000,0.000000,0.000000,0.000000,2024-05-22 20:24:41,,,,,,,,,,,,
False,0.10955797249597059,0.000000,14385152,0,0.000000,0.000000,0.000000,0.000000,2024-05-22 20:24:42,,,,,,,,,,,,
False,0.1076838353799545,0.000000,14389248,0,0.000000,0.000000,0.000000,0.000000,2024-05-22 20:24:43,,,,,,,,,,,,
False,0.10586760746167297,0.000000,14393344,0,0.000000,0.000000,0.000000,0.000000,2024-05-22 20:24:44,,,,,,,,,,,,
False,0.10410753861659681,0.000000,14393344,0,0.000000,0.000000,0.000000,0.000000,2024-05-22 20:24:45,,,,,,,,,,,,
False,0.10239060989838335,0.000000,14401536,0,0.000000,0.000000,0.000000,0.000000,2024-05-22 20:24:46,,,,,,,,,,,,
False,0.10072965581071469,0.000000,14405632,0,0.000000,0.000000,0.000000,0.000000,2024-05-22 20:24:47,,,,,,,,,,,,
False,0.09914612564638436,0.000000,14409728,0,0.000000,0.000000,0.000000,0.000000,2024-05-22 20:24:48,,,,,,,,,,,,
False,0.09760331529946288,0.000000,14413824,0,0.000000,0.000000,0.000000,0.000000,2024-05-22 20:24:49,,,,,,,,,,,,
False,0.09609134405651952,0.000000,14417920,0,0.000000,0.000000,0.000000,0.000000,2024-05-22 20:24:50,,,,,,,,,,,,
False,0.09464922389597537,0.000000,14430208,0,0.000000,0.000000,0.000000,0.000000,2024-05-22 20:24:51,,,,,,,,,,,,
False,0.09322613670069121,0.000000,14430208,0,0.000000,0.000000,0.000000,0.000000,2024-05-22 20:24:52,,,,,,,,,,,,
False,0.09186411978543853,0.000000,14434304,0,0.000000,0.000000,0.000000,0.000000,2024-05-22 20:24:53,,,,,,,,,,,,
False,0.09052418759364764,0.000000,14438400,0,0.000000,0.000000,0.000000,0.000000,2024-05-22 20:24:54,,,,,,,,,,,,
False,0.08924363642110537,0.000000,14442496,0,0.000000,0.000000,0.000000,0.000000,2024-05-22 20:24:55,,,,,,,,,,,,
False,0.0879768195466464,0.000000,14454784,0,0.000000,0.000000,0.000000,0.000000,2024-05-22 20:24:56,,,,,,,,,,,,
False,0.0867493523369694,0.000000,14462976,0,0.000000,0.000000,0.000000,0.000000,2024-05-22 20:24:57,,,,,,,,,,,,
False,0.08557040054291448,0.000000,14475264,0,0.000000,0.000000,0.000000,0.000000,2024-05-22 20:24:58,,,,,,,,,,,,
False,0.08440741293613048,0.000000,14475264,0,0.000000,0.000000,0.000000,0.000000,2024-05-22 20:24:59,,,,,,,,,,,,
False,0.08329083313071117,0.000000,14479360,0,0.000000,0.000000,0.000000,0.000000,2024-05-22 20:25:00,,,,,,,,,,,,
False,0.08218604874806702,0.000000,14487552,0,0.000000,0.000000,0.000000,0.000000,2024-05-22 20:25:01,,,,,,,,,,,,
False,0.08112322811488833,0.000000,14491648,0,0.000000,0.000000,0.000000,0.000000,2024-05-22 20:25:02,,,,,,,,,,,,
False,0.08008891740709298,0.000000,14491648,0,0.000000,0.000000,0.000000,0.000000,2024-05-22 20:25:03,,,,,,,,,,,,
False,0.07908059978618909,0.000000,14495744,0,0.000000,0.000000,0.000000,0.000000,2024-05-22 20:25:04,,,,,,,,,,,,
False,0.07808567693156113,0.000000,14503936,0,0.000000,0.000000,0.000000,0.000000,2024-05-22 20:25:05,,,,,,,,,,,,
False,0.07712879132296704,0.000000,14508032,0,0.000000,0.000000,0.000000,0.000000,2024-05-22 20:25:06,,,,,,,,,,,,
False,0.07617651529004837,0.000000,14512128,0,0.000000,0.000000,0.000000,0.000000,2024-05-22 20:25:07,,,,,,,,,,,,
False,0.07526220312951921,0.000000,14520320,0,0.000000,0.000000,0.000000,0.000000,2024-05-22 20:25:08,,,,,,,,,,,,
False,0.07436940031733102,0.000000,14540800,0,0.000000,0.000000,0.000000,0.000000,2024-05-22 20:25:09,,,,,,,,,,,,
False,0.07349974130266654,0.000000,14540800,0,0.000000,0.000000,0.000000,0.000000,2024-05-22 20:25:10,,,,,,,,,,,,
False,0.07263711708010114,0.000000,14548992,0,0.000000,0.000000,0.000000,0.000000,2024-05-22 20:25:11,,,,,,,,,,,,
False,0.07180989369990627,0.000000,14553088,0,0.000000,0.000000,0.000000,0.000000,2024-05-22 20:25:12,,,,,,,,,,,,
False,0.07098860788904736,0.000000,14561280,0,0.000000,0.000000,0.000000,0.000000,2024-05-22 20:25:13,,,,,,,,,,,,
False,0.0701972043209742,0.000000,14569472,0,0.000000,0.000000,0.000000,0.000000,2024-05-22 20:25:14,,,,,,,,,,,,
False,0.06941183098715811,0.000000,14577664,0,0.000000,0.000000,0.000000,0.000000,2024-05-22 20:25:15,,,,,,,,,,,,
False,0.06865318656698315,0.000000,14585856,0,0.000000,0.000000,0.000000,0.000000,2024-05-22 20:25:16,,,,,,,,,,,,
False,0.06790017057055185,0.000000,14598144,0,0.000000,0.000000,0.000000,0.000000,2024-05-22 20:25:17,,,,,,,,,,,,
False,0.06717408386098182,0.000000,14602240,0,0.000000,0.000000,0.000000,0.000000,2024-05-22 20:25:18,,,,,,,,,,,,
False,0.06646402611031929,0.000000,14606336,0,0.000000,0.000000,0.000000,0.000000,2024-05-22 20:25:19,,,,,,,,,,,,
False,0.06575659241165367,0.000000,14606336,0,0.000000,0.000000,0.000000,0.000000,2024-05-22 20:25:20,,,,,,,,,,,,
False,0.06507559197423078,0.000000,14618624,0,0.000000,0.000000,0.000000,0.000000,2024-05-22 20:25:21,,,,,,,,,,,,
False,0.06440788124101807,0.000000,14622720,0,0.000000,0.000000,0.000000,0.000000,2024-05-22 20:25:22,,,,,,,,,,,,
False,0.06374507355760771,0.000000,14626816,0,0.000000,0.000000,0.000000,0.000000,2024-05-22 20:25:23,,,,,,,,,,,,
False,0.06310366569436336,0.000000,14626816,0,0.000000,0.000000,0.000000,0.000000,2024-05-22 20:25:24,,,,,,,,,,,,
False,0.06247414195264579,0.000000,14630912,0,0.000000,0.000000,0.000000,0.000000,2024-05-22 20:25:25,,,,,,,,,,,,
False,0.06186018762632382,0.000000,14639104,0,0.000000,0.000000,0.000000,0.000000,2024-05-22 20:25:26,,,,,,,,,,,,
False,0.061246709622195084,0.000000,14639104,0,0.000000,0.000000,0.000000,0.000000,2024-05-22 20:25:27,,,,,,,,,,,,
False,0.060656480448890715,0.000000,14651392,0,0.000000,0.000000,0.000000,0.000000,2024-05-22 20:25:28,,,,,,,,,,,,
False,0.06006883350102469,0.000000,14659584,0,0.000000,0.000000,0.000000,0.000000,2024-05-22 20:25:29,,,,,,,,,,,,
False,0.05949869523788046,0.000000,14663680,0,0.000000,0.000000,0.000000,0.000000,2024-05-22 20:25:30,,,,,,,,,,,,
False,0.05894106571863379,0.000000,14680064,0,0.000000,0.000000,0.000000,0.000000,2024-05-22 20:25:31,,,,,,,,,,,,
False,0.05839249966597622,0.000000,14692352,0,0.000000,0.000000,0.000000,0.000000,2024-05-22 20:25:32,,,,,,,,,,,,
False,0.05784773182121029,0.000000,14696448,0,0.000000,0.000000,0.000000,0.000000,2024-05-22 20:25:33,,,,,,,,,,,,
False,0.057320877419236686,0.000000,14696448,0,0.000000,0.000000,0.000000,0.000000,2024-05-22 20:25:34,,,,,,,,,,,,
False,0.05679561475188106,0.000000,14700544,0,0.000000,0.000000,0.000000,0.000000,2024-05-22 20:25:35,,,,,,,,,,,,
False,0.05628823524728584,0.000000,14708736,0,0.000000,0.000000,0.000000,0.000000,2024-05-22 20:25:36,,,,,,,,,,,,
False,0.05578196577828701,0.000000,14716928,0,0.000000,0.000000,0.000000,0.000000,2024-05-22 20:25:37,,,,,,,,,,,,
False,0.05529226362590475,0.000000,14716928,0,0.000000,0.000000,0.000000,0.000000,2024-05-22 20:25:38,,,,,,,,,,,,
False,0.05480884539979179,0.000000,14729216,0,0.000000,0.000000,0.000000,0.000000,2024-05-22 20:25:39,,,,,,,,,,,,
False,0.05432796666408845,0.000000,14741504,0,0.000000,0.000000,0.000000,0.000000,2024-05-22 20:25:40,,,,,,,,,,,,
False,0.053862746203801264,0.000000,14745600,0,0.000000,0.000000,0.000000,0.000000,2024-05-22 20:25:41,,,,,,,,,,,,
False,0.053398589953074435,0.000000,14749696,0,0.000000,0.000000,0.000000,0.000000,2024-05-22 20:25:42,,,,,,,,,,,,
False,0.05294925929836076,0.000000,14753792,0,0.000000,0.000000,0.000000,0.000000,2024-05-22 20:25:43,,,,,,,,,,,,
False,0.05250048314094615,0.000000,14757888,0,0.000000,0.000000,0.000000,0.000000,2024-05-22 20:25:44,,,,,,,,,,,,
False,0.05206496928108083,0.000000,14761984,0,0.000000,0.000000,0.000000,0.000000,2024-05-22 20:25:45,,,,,,,,,,,,
False,0.051637356545743404,0.000000,14774272,0,0.000000,0.000000,0.000000,0.000000,2024-05-22 20:25:46,,,,,,,,,,,,
False,0.05120980249681954,0.000000,14778368,0,0.000000,0.000000,0.000000,0.000000,2024-05-22 20:25:47,,,,,,,,,,,,
False,0.05079760959876052,0.000000,14778368,0,0.000000,0.000000,0.000000,0.000000,2024-05-22 20:25:48,,,,,,,,,,,,
False,0.05038426153610164,0.000000,14786560,0,0.000000,0.000000,0.000000,0.000000,2024-05-22 20:25:49,,,,,,,,,,,,
False,0.04998426711203347,0.000000,14794752,0,0.000000,0.000000,0.000000,0.000000,2024-05-22 20:25:50,,,,,,,,,,,,
False,0.0495845797561206,0.000000,14807040,0,0.000000,0.000000,0.000000,0.000000,2024-05-22 20:25:51,,,,,,,,,,,,
False,0.04919737497542728,0.000000,14807040,0,0.000000,0.000000,0.000000,0.000000,2024-05-22 20:25:52,,,,,,,,,,,,
False,0.04881469710651101,0.000000,14815232,0,0.000000,0.000000,0.000000,0.000000,2024-05-22 20:25:53,,,,,,,,,,,,
False,0.0484342180937494,0.000000,14819328,0,0.000000,0.000000,0.000000,0.000000,2024-05-22 20:25:54,,,,,,,,,,,,
False,0.04806425082627523,0.000000,14819328,0,0.000000,0.000000,0.000000,0.000000,2024-05-22 20:25:55,,,,,,,,,,,,
False,0.04769498213692044,0.000000,14827520,0,0.000000,0.000000,0.000000,0.000000,2024-05-22 20:25:56,,,,,,,,,,,,
False,0.04733571571642683,0.000000,14831616,0,0.000000,0.000000,0.000000,0.000000,2024-05-22 20:25:57,,,,,,,,,,,,
False,0.04697718617293466,0.000000,14835712,0,0.000000,0.000000,0.000000,0.000000,2024-05-22 20:25:58,,,,,,,,,,,,
False,0.0466295116152681,0.000000,14835712,0,0.000000,0.000000,0.000000,0.000000,2024-05-22 20:25:59,,,,,,,,,,,,
False,0.06942237029049914,0.000000,14811136,0,0.000000,0.000000,0.000000,0.000000,2024-05-22 20:26:00,,,,,,,,,,,,
False,0.06891588923338118,0.000000,14827520,0,0.000000,0.000000,0.000000,0.000000,2024-05-22 20:26:01,,,,,,,,,,,,
False,0.0684089005071371,0.000000,14827520,0,0.000000,0.000000,0.000000,0.000000,2024-05-22 20:26:02,,,,,,,,,,,,
False,0.06791545933173505,0.000000,14831616,0,0.000000,0.000000,0.000000,0.000000,2024-05-22 20:26:03,,,,,,,,,,,,
False,0.06742306698493067,0.000000,14839808,0,0.000000,0.000000,0.000000,0.000000,2024-05-22 20:26:04,,,,,,,,,,,,
False,0.0669445119312565,0.000000,14843904,0,0.000000,0.000000,0.000000,0.000000,2024-05-22 20:26:05,,,,,,,,,,,,
False,0.06647301061440394,0.000000,14852096,0,0.000000,0.000000,0.000000,0.000000,2024-05-22 20:26:06,,,,,,,,,,,,
False,0.06600019925935358,0.000000,14856192,0,0.000000,0.000000,0.000000,0.000000,2024-05-22 20:26:07,,,,,,,,,,,,
False,0.06554116644474521,0.000000,14864384,0,0.000000,0.000000,0.000000,0.000000,2024-05-22 20:26:08,,,,,,,,,,,,
False,0.06508911196187683,0.000000,14868480,0,0.000000,0.000000,0.000000,0.000000,2024-05-22 20:26:09,,,,,,,,,,,,
False,0.0646363963430383,0.000000,14872576,0,0.000000,0.000000,0.000000,0.000000,2024-05-22 20:26:10,,,,,,,,,,,,
False,0.06419586274817722,0.000000,14880768,0,0.000000,0.000000,0.000000,0.000000,2024-05-22 20:26:11,,,,,,,,,,,,
False,0.06375565482820679,0.000000,14884864,0,0.000000,0.000000,0.000000,0.000000,2024-05-22 20:26:12,,,,,,,,,,,,
False,0.06332714073604696,0.000000,14888960,0,0.000000,0.000000,0.000000,0.000000,2024-05-22 20:26:13,,,,,,,,,,,,
False,0.06290566268253847,0.000000,14893056,0,0.000000,0.000000,0.000000,0.000000,2024-05-22 20:26:14,,,,,,,,,,,,
False,0.06248328901097612,0.000000,14897152,0,0.000000,0.000000,0.000000,0.000000,2024-05-22 20:26:15,,,,,,,,,,,,
False,0.06207256829472253,0.000000,14901248,0,0.000000,0.000000,0.000000,0.000000,2024-05-22 20:26:16,,,,,,,,,,,,
False,0.061660803615446985,0.000000,14909440,0,0.000000,0.000000,0.000000,0.000000,2024-05-22 20:26:17,,,,,,,,,,,,
False,0.0612609646843111,0.000000,14913536,0,0.000000,0.000000,0.000000,0.000000,2024-05-22 20:26:18,,,,,,,,,,,,
False,0.06086039443868972,0.000000,14917632,0,0.000000,0.000000,0.000000,0.000000,2024-05-22 20:26:19,,,,,,,,,,,,
False,0.060470491071821286,0.000000,14917632,0,0.000000,0.000000,0.000000,0.000000,2024-05-22 20:26:20,,,,,,,,,,,,
False,0.06007977463610635,0.000000,14929920,0,0.000000,0.000000,0.000000,0.000000,2024-05-22 20:26:21,,,,,,,,,,,,
False,0.05969995562640803,0.000000,14938112,0,0.000000,0.000000,0.000000,0.000000,2024-05-22 20:26:22,,,,,,,,,,,,
False,0.05931895053008898,0.000000,14942208,0,0.000000,0.000000,0.000000,0.000000,2024-05-22 20:26:23,,,,,,,,,,,,
False,0.05894890328932592,0.000000,14958592,0,0.000000,0.000000,0.000000,0.000000,2024-05-22 20:26:24,,,,,,,,,,,,
False,0.05857797615919109,0.000000,14966784,0,0.000000,0.000000,0.000000,0.000000,2024-05-22 20:26:25,,,,,,,,,,,,
False,0.058217023167648485,0.000000,14979072,0,0.000000,0.000000,0.000000,0.000000,2024-05-22 20:26:26,,,,,,,,,,,,
False,0.05785561797348071,0.000000,14979072,0,0.000000,0.000000,0.000000,0.000000,2024-05-22 20:26:27,,,,,,,,,,,,
False,0.057502868508361095,0.000000,14983168,0,0.000000,0.000000,0.000000,0.000000,2024-05-22 20:26:28,,,,,,,,,,,,
False,0.057150583605666175,0.000000,14987264,0,0.000000,0.000000,0.000000,0.000000,2024-05-22 20:26:29,,,,,,,,,,,,
False,0.05680675488122494,0.000000,14987264,0,0.000000,0.000000,0.000000,0.000000,2024-05-22 20:26:30,,,,,,,,,,,,
False,0.05646188967140183,0.000000,14995456,0,0.000000,0.000000,0.000000,0.000000,2024-05-22 20:26:31,,,,,,,,,,,,
False,0.056125868314104044,0.000000,14999552,0,0.000000,0.000000,0.000000,0.000000,2024-05-22 20:26:32,,,,,,,,,,,,
False,0.05578963819888808,0.000000,15015936,0,0.000000,0.000000,0.000000,0.000000,2024-05-22 20:26:33,,,,,,,,,,,,
False,0.05546178454985656,0.000000,15015936,0,0.000000,0.000000,0.000000,0.000000,2024-05-22 20:26:34,,,,,,,,,,,,
False,0.05513204879893774,0.000000,15024128,0,0.000000,0.000000,0.000000,0.000000,2024-05-22 20:26:35,,,,,,,,,,,,
False,0.05481226935143223,0.000000,15036416,0,0.000000,0.000000,0.000000,0.000000,2024-05-22 20:26:36,,,,,,,,,,,,
False,0.054491098220562584,0.000000,15036416,0,0.000000,0.000000,0.000000,0.000000,2024-05-22 20:26:37,,,,,,,,,,,,
False,0.054178133576994504,0.000000,15040512,0,0.000000,0.000000,0.000000,0.000000,2024-05-22 20:26:38,,,,,,,,,,,,
False,0.053864630344700924,0.000000,15044608,0,0.000000,0.000000,0.000000,0.000000,2024-05-22 20:26:39,,,,,,,,,,,,
False,0.0535589179121215,0.000000,15052800,0,0.000000,0.000000,0.000000,0.000000,2024-05-22 20:26:40,,,,,,,,,,,,
False,0.05325635091357762,0.000000,15065088,0,0.000000,0.000000,0.000000,0.000000,2024-05-22 20:26:41,,,,,,,,,,,,
False,0.05295314767963899,0.000000,15069184,0,0.000000,0.000000,0.000000,0.000000,2024-05-22 20:26:42,,,,,,,,,,,,
False,0.052656634577818405,0.000000,15077376,0,0.000000,0.000000,0.000000,0.000000,2024-05-22 20:26:43,,,,,,,,,,,,
False,0.0523644775441663,0.000000,15081472,0,0.000000,0.000000,0.000000,0.000000,2024-05-22 20:26:44,,,,,,,,,,,,
False,0.052070536160157777,0.000000,15085568,0,0.000000,0.000000,0.000000,0.000000,2024-05-22 20:26:45,,,,,,,,,,,,
False,0.05178391356669933,0.000000,15093760,0,0.000000,0.000000,0.000000,0.000000,2024-05-22 20:26:46,,,,,,,,,,,,
False,0.051497659124878706,0.000000,15097856,0,0.000000,0.000000,0.000000,0.000000,2024-05-22 20:26:47,,,,,,,,,,,,
False,0.05121799355213156,0.000000,15097856,0,0.000000,0.000000,0.000000,0.000000,2024-05-22 20:26:48,,,,,,,,,,,,
False,0.05093815788311865,0.000000,15106048,0,0.000000,0.000000,0.000000,0.000000,2024-05-22 20:26:49,,,,,,,,,,,,
False,0.05066358430464553,0.000000,15110144,0,0.000000,0.000000,0.000000,0.000000,2024-05-22 20:26:50,,,,,,,,,,,,
False,0.05039370478292135,0.000000,15114240,0,0.000000,0.000000,0.000000,0.000000,2024-05-22 20:26:51,,,,,,,,,,,,
False,0.05012131188574946,0.000000,15118336,0,0.000000,0.000000,0.000000,0.000000,2024-05-22 20:26:52,,,,,,,,,,,,
False,0.049857241327872524,0.000000,15122432,0,0.000000,0.000000,0.000000,0.000000,2024-05-22 20:26:53,,,,,,,,,,,,
False,0.049591930197143405,0.000000,15126528,0,0.000000,0.000000,0.000000,0.000000,2024-05-22 20:26:54,,,,,,,,,,,,
False,0.049332143467641754,0.000000,15126528,0,0.000000,0.000000,0.000000,0.000000,2024-05-22 20:26:55,,,,,,,,,,,,
False,0.04907188465427336,0.000000,15134720,0,0.000000,0.000000,0.000000,0.000000,2024-05-22 20:26:56,,,,,,,,,,,,
False,0.04881851723611851,0.000000,15147008,0,0.000000,0.000000,0.000000,0.000000,2024-05-22 20:26:57,,,,,,,,,,,,
False,0.04856574343626997,0.000000,15147008,0,0.000000,0.000000,0.000000,0.000000,2024-05-22 20:26:58,,,,,,,,,,,,
False,0.088597,0.000000,119005184,0,0.000000,0.000000,0.000000,0.000000,2024-05-22 20:26:59,localhost:50002,2024-05-22 20:26:59.6610506 +0900 KST m=+193.977217601,,,,,,,,,,
False,0.0881237189108896,0.000000,119078912,0,0.000000,74.542500,74.542500,13.415166,2024-05-22 20:27:00,,,,,,,,,,,,
False,0.08767668398759029,0.000000,117370880,0,0.000000,74.542500,74.542500,13.415166,2024-05-22 20:27:01,,,,,,,,,,,,
False,0.08722905663452839,0.000000,117370880,0,0.000000,74.542500,74.542500,13.415166,2024-05-22 20:27:02,,,,,,,,,,,,
False,0.08678492940768169,0.000000,117374976,0,0.000000,74.542500,74.542500,13.415166,2024-05-22 20:27:03,,,,,,,,,,,,
False,0.0863514272503775,0.000000,117374976,0,0.000000,74.542500,74.542500,13.415166,2024-05-22 20:27:04,,,,,,,,,,,,
False,0.117252,5219.325800,118202368,0,0.000000,74.542500,74.542500,13.415166,2024-05-22 20:27:05,localhost:50002,2024-05-22 20:27:05.5543471 +0900 KST m=+199.870513501,,,,,,,,,,
False,0.11658066354639693,5219.325800,113737728,0,0.000000,407.936600,407.936600,2.451361,2024-05-22 20:27:06,,,,,,,,,,,,
False,0.11600019950401032,5219.325800,113737728,0,0.000000,407.936600,407.936600,2.451361,2024-05-22 20:27:07,,,,,,,,,,,,
False,0.11543267595328549,5219.325800,113737728,0,0.000000,407.936600,407.936600,2.451361,2024-05-22 20:27:08,,,,,,,,,,,,
False,0.1148711123598458,5219.325800,113741824,0,0.000000,407.936600,407.936600,2.451361,2024-05-22 20:27:09,,,,,,,,,,,,
False,0.11430326864816544,5219.325800,113745920,0,0.000000,407.936600,407.936600,2.451361,2024-05-22 20:27:10,,,,,,,,,,,,
False,0.1137525544388894,5219.325800,113745920,0,0.000000,407.936600,407.936600,2.451361,2024-05-22 20:27:11,,,,,,,,,,,,
False,0.11320561798887449,5219.325800,113745920,0,0.000000,407.936600,407.936600,2.451361,2024-05-22 20:27:12,,,,,,,,,,,,
False,0.11265744537713455,5219.325800,113754112,0,0.000000,407.936600,407.936600,2.451361,2024-05-22 20:27:13,,,,,,,,,,,,
False,0.11211947310985972,5219.325800,113754112,0,0.000000,407.936600,407.936600,2.451361,2024-05-22 20:27:14,,,,,,,,,,,,
False,0.11158978565050286,5219.325800,113762304,0,0.000000,407.936600,407.936600,2.451361,2024-05-22 20:27:15,,,,,,,,,,,,
False,0.11105646514400383,5219.325800,113766400,0,0.000000,407.936600,407.936600,2.451361,2024-05-22 20:27:16,,,,,,,,,,,,
False,0.11053591352743533,5219.325800,113770496,0,0.000000,407.936600,407.936600,2.451361,2024-05-22 20:27:17,,,,,,,,,,,,
False,0.11001318337438303,5219.325800,113774592,0,0.000000,407.936600,407.936600,2.451361,2024-05-22 20:27:18,,,,,,,,,,,,
False,0.10950329264872488,5219.325800,113774592,0,0.000000,407.936600,407.936600,2.451361,2024-05-22 20:27:19,,,,,,,,,,,,
False,0.108989687725216,5219.325800,113778688,0,0.000000,407.936600,407.936600,2.451361,2024-05-22 20:27:20,,,,,,,,,,,,
False,0.10848862995646884,5219.325800,113786880,0,0.000000,407.936600,407.936600,2.451361,2024-05-22 20:27:21,,,,,,,,,,,,
False,0.10798446023380462,5219.325800,113799168,0,0.000000,407.936600,407.936600,2.451361,2024-05-22 20:27:22,,,,,,,,,,,,
False,0.10749374296063896,5219.325800,113799168,0,0.000000,407.936600,407.936600,2.451361,2024-05-22 20:27:23,,,,,,,,,,,,
False,0.10700062784841151,5219.325800,113803264,0,0.000000,407.936600,407.936600,2.451361,2024-05-22 20:27:24,,,,,,,,,,,,
False,0.10651683053453716,5219.325800,113807360,0,0.000000,407.936600,407.936600,2.451361,2024-05-22 20:27:25,,,,,,,,,,,,
False,0.10603174186763605,5219.325800,113811456,0,0.000000,407.936600,407.936600,2.451361,2024-05-22 20:27:26,,,,,,,,,,,,
False,0.10555815999407006,5219.325800,113815552,0,0.000000,407.936600,407.936600,2.451361,2024-05-22 20:27:27,,,,,,,,,,,,
False,0.10508143102066801,5219.325800,113819648,0,0.000000,407.936600,407.936600,2.451361,2024-05-22 20:27:28,,,,,,,,,,,,
False,0.10461627052596391,5219.325800,113860608,0,0.000000,407.936600,407.936600,2.451361,2024-05-22 20:27:29,,,,,,,,,,,,
False,0.10414540836705025,5219.325800,113860608,0,0.000000,407.936600,407.936600,2.451361,2024-05-22 20:27:30,,,,,,,,,,,,
False,0.10368725660801774,5219.325800,113868800,0,0.000000,407.936600,407.936600,2.451361,2024-05-22 20:27:31,,,,,,,,,,,,
False,0.10322748879701629,5219.325800,113876992,0,0.000000,407.936600,407.936600,2.451361,2024-05-22 20:27:32,,,,,,,,,,,,
False,0.10277733295748073,5219.325800,113876992,0,0.000000,407.936600,407.936600,2.451361,2024-05-22 20:27:33,,,,,,,,,,,,
False,0.10233137394130418,5219.325800,113881088,0,0.000000,407.936600,407.936600,2.451361,2024-05-22 20:27:34,,,,,,,,,,,,
False,0.10188341925752369,5219.325800,113881088,0,0.000000,407.936600,407.936600,2.451361,2024-05-22 20:27:35,,,,,,,,,,,,
False,0.1014446956935773,5219.325800,113893376,0,0.000000,407.936600,407.936600,2.451361,2024-05-22 20:27:36,,,,,,,,,,,,
False,0.10100343246013961,5219.325800,113893376,0,0.000000,407.936600,407.936600,2.451361,2024-05-22 20:27:37,,,,,,,,,,,,
False,0.10057316974490103,5219.325800,113897472,0,0.000000,407.936600,407.936600,2.451361,2024-05-22 20:27:38,,,,,,,,,,,,
False,0.10014477608212594,5219.325800,113905664,0,0.000000,407.936600,407.936600,2.451361,2024-05-22 20:27:39,,,,,,,,,,,,
False,0.09971545054378944,5219.325800,113913856,0,0.000000,407.936600,407.936600,2.451361,2024-05-22 20:27:40,,,,,,,,,,,,
False,0.09929532605633014,5219.325800,113922048,0,0.000000,407.936600,407.936600,2.451361,2024-05-22 20:27:41,,,,,,,,,,,,
False,0.09887866889701731,5219.325800,113922048,0,0.000000,407.936600,407.936600,2.451361,2024-05-22 20:27:42,,,,,,,,,,,,
False,0.09845948047250509,5219.325800,113930240,0,0.000000,407.936600,407.936600,2.451361,2024-05-22 20:27:43,,,,,,,,,,,,
False,0.0980512640205228,5219.325800,113930240,0,0.000000,407.936600,407.936600,2.451361,2024-05-22 20:27:44,,,,,,,,,,,,
False,0.09763782277302563,5219.325800,113938432,0,0.000000,407.936600,407.936600,2.451361,2024-05-22 20:27:45,,,,,,,,,,,,
False,0.09723558777955496,5219.325800,113946624,0,0.000000,407.936600,407.936600,2.451361,2024-05-22 20:27:46,,,,,,,,,,,,
False,0.09683516338625994,5219.325800,113946624,0,0.000000,407.936600,407.936600,2.451361,2024-05-22 20:27:47,,,,,,,,,,,,
False,0.09643379692805434,5219.325800,113950720,0,0.000000,407.936600,407.936600,2.451361,2024-05-22 20:27:48,,,,,,,,,,,,
False,0.09604026906954849,5219.325800,113954816,0,0.000000,407.936600,407.936600,2.451361,2024-05-22 20:27:49,,,,,,,,,,,,
False,0.09564567134343739,5219.325800,113954816,0,0.000000,407.936600,407.936600,2.451361,2024-05-22 20:27:50,,,,,,,,,,,,
False,0.09526055082205806,5219.325800,113954816,0,0.000000,407.936600,407.936600,2.451361,2024-05-22 20:27:51,,,,,,,,,,,,
False,0.09487237845167738,5219.325800,113954816,0,0.000000,407.936600,407.936600,2.451361,2024-05-22 20:27:52,,,,,,,,,,,,
False,0.09449280838246289,5219.325800,113958912,0,0.000000,407.936600,407.936600,2.451361,2024-05-22 20:27:53,,,,,,,,,,,,
False,0.09410910373902222,5219.325800,113963008,0,0.000000,407.936600,407.936600,2.451361,2024-05-22 20:27:54,,,,,,,,,,,,
False,0.09373505537019407,5219.325800,113971200,0,0.000000,407.936600,407.936600,2.451361,2024-05-22 20:27:55,,,,,,,,,,,,
False,0.09336424422589594,5219.325800,113971200,0,0.000000,407.936600,407.936600,2.451361,2024-05-22 20:27:56,,,,,,,,,,,,
False,0.09299074020288782,5219.325800,113971200,0,0.000000,407.936600,407.936600,2.451361,2024-05-22 20:27:57,,,,,,,,,,,,
False,0.09262468480916436,5219.325800,113979392,0,0.000000,407.936600,407.936600,2.451361,2024-05-22 20:27:58,,,,,,,,,,,,
False,0.09226144774965608,5219.325800,113983488,0,0.000000,407.936600,407.936600,2.451361,2024-05-22 20:27:59,,,,,,,,,,,,
False,0.09189700424509856,5219.325800,113987584,0,0.000000,407.936600,407.936600,2.451361,2024-05-22 20:28:00,,,,,,,,,,,,
False,0.09154045969330493,5219.325800,113987584,0,0.000000,407.936600,407.936600,2.451361,2024-05-22 20:28:01,,,,,,,,,,,,
False,0.09118183076514955,5219.325800,113995776,0,0.000000,407.936600,407.936600,2.451361,2024-05-22 20:28:02,,,,,,,,,,,,
False,0.09083075110599087,5219.325800,113999872,0,0.000000,407.936600,407.936600,2.451361,2024-05-22 20:28:03,,,,,,,,,,,,
False,0.09047772396917461,5219.325800,114003968,0,0.000000,407.936600,407.936600,2.451361,2024-05-22 20:28:04,,,,,,,,,,,,
False,0.09013213448212398,5219.325800,114012160,0,0.000000,407.936600,407.936600,2.451361,2024-05-22 20:28:05,,,,,,,,,,,,
False,0.08978420202415181,5219.325800,114012160,0,0.000000,407.936600,407.936600,2.451361,2024-05-22 20:28:06,,,,,,,,,,,,
False,0.0894428448518933,5219.325800,114016256,0,0.000000,407.936600,407.936600,2.451361,2024-05-22 20:28:07,,,,,,,,,,,,
False,0.08910008459507028,5219.325800,114016256,0,0.000000,407.936600,407.936600,2.451361,2024-05-22 20:28:08,,,,,,,,,,,,
False,0.08876520456064384,5219.325800,114028544,0,0.000000,407.936600,407.936600,2.451361,2024-05-22 20:28:09,,,,,,,,,,,,
False,0.08843242226337308,5219.325800,114028544,0,0.000000,407.936600,407.936600,2.451361,2024-05-22 20:28:10,,,,,,,,,,,,
False,0.08809771204098013,5219.325800,114032640,0,0.000000,407.936600,407.936600,2.451361,2024-05-22 20:28:11,,,,,,,,,,,,
False,0.08776927289934595,5219.325800,114040832,0,0.000000,407.936600,407.936600,2.451361,2024-05-22 20:28:12,,,,,,,,,,,,
False,0.104966,68037.954800,117952512,0,0.000000,407.936600,407.936600,2.451361,2024-05-22 20:28:13,localhost:50002,2024-05-22 20:28:13.6101217 +0900 KST m=+267.926281301,,,,,,,,,,
False,0.10453940516813068,68037.954800,114724864,0,0.000000,529.434266,529.434266,1.888809,2024-05-22 20:28:14,,,,,,,,,,,,
False,0.10414948157789362,68037.954800,114724864,0,0.000000,529.434266,529.434266,1.888809,2024-05-22 20:28:15,,,,,,,,,,,,
False,0.10376683269126229,68037.954800,114724864,0,0.000000,529.434266,529.434266,1.888809,2024-05-22 20:28:16,,,,,,,,,,,,
False,0.10338660622204483,68037.954800,114724864,0,0.000000,529.434266,529.434266,1.888809,2024-05-22 20:28:17,,,,,,,,,,,,
False,0.1030042578184275,68037.954800,114728960,0,0.000000,529.434266,529.434266,1.888809,2024-05-22 20:28:18,,,,,,,,,,,,
False,0.10262998254051074,68037.954800,114728960,0,0.000000,529.434266,529.434266,1.888809,2024-05-22 20:28:19,,,,,,,,,,,,
False,0.10225984922509686,68037.954800,114733056,0,0.000000,529.434266,529.434266,1.888809,2024-05-22 20:28:20,,,,,,,,,,,,
False,0.10188508010681367,68037.954800,114733056,0,0.000000,529.434266,529.434266,1.888809,2024-05-22 20:28:21,,,,,,,,,,,,
False,0.10151989904120551,68037.954800,114741248,0,0.000000,529.434266,529.434266,1.888809,2024-05-22 20:28:22,,,,,,,,,,,,
False,0.10115183011369984,68037.954800,114745344,0,0.000000,529.434266,529.434266,1.888809,2024-05-22 20:28:23,,,,,,,,,,,,
False,0.10079101671503385,68037.954800,114745344,0,0.000000,529.434266,529.434266,1.888809,2024-05-22 20:28:24,,,,,,,,,,,,
False,0.10043249987497091,68037.954800,114749440,0,0.000000,529.434266,529.434266,1.888809,2024-05-22 20:28:25,,,,,,,,,,,,
False,0.10007679136833848,68037.954800,114753536,0,0.000000,529.434266,529.434266,1.888809,2024-05-22 20:28:26,,,,,,,,,,,,
False,0.09971977721472144,68037.954800,114761728,0,0.000000,529.434266,529.434266,1.888809,2024-05-22 20:28:27,,,,,,,,,,,,
False,0.09936957236903575,68037.954800,114765824,0,0.000000,529.434266,529.434266,1.888809,2024-05-22 20:28:28,,,,,,,,,,,,
False,0.09901743400118887,68037.954800,114769920,0,0.000000,529.434266,529.434266,1.888809,2024-05-22 20:28:29,,,,,,,,,,,,
False,0.09867181641138889,68037.954800,114769920,0,0.000000,529.434266,529.434266,1.888809,2024-05-22 20:28:30,,,,,,,,,,,,
False,0.09832415564477442,68037.954800,114778112,0,0.000000,529.434266,529.434266,1.888809,2024-05-22 20:28:31,,,,,,,,,,,,
False,0.09798260757747125,68037.954800,114786304,0,0.000000,529.434266,529.434266,1.888809,2024-05-22 20:28:32,,,,,,,,,,,,
False,0.0976445689971988,68037.954800,114786304,0,0.000000,529.434266,529.434266,1.888809,2024-05-22 20:28:33,,,,,,,,,,,,
False,0.09730293641586858,68037.954800,114790400,0,0.000000,529.434266,529.434266,1.888809,2024-05-22 20:28:34,,,,,,,,,,,,
False,0.0969689387747233,68037.954800,114794496,0,0.000000,529.434266,529.434266,1.888809,2024-05-22 20:28:35,,,,,,,,,,,,
False,0.09663815269980432,68037.954800,114798592,0,0.000000,529.434266,529.434266,1.888809,2024-05-22 20:28:36,,,,,,,,,,,,
False,0.09630438320632612,68037.954800,114802688,0,0.000000,529.434266,529.434266,1.888809,2024-05-22 20:28:37,,,,,,,,,,,,
False,0.09597819077384562,68037.954800,114806784,0,0.000000,529.434266,529.434266,1.888809,2024-05-22 20:28:38,,,,,,,,,,,,
False,0.09564905533760436,68037.954800,114814976,0,0.000000,529.434266,529.434266,1.888809,2024-05-22 20:28:39,,,,,,,,,,,,
False,0.09532536884323768,68037.954800,114814976,0,0.000000,529.434266,529.434266,1.888809,2024-05-22 20:28:40,,,,,,,,,,,,
False,0.09500495984666801,68037.954800,114819072,0,0.000000,529.434266,529.434266,1.888809,2024-05-22 20:28:41,,,,,,,,,,,,
False,0.09468209705229243,68037.954800,114827264,0,0.000000,529.434266,529.434266,1.888809,2024-05-22 20:28:42,,,,,,,,,,,,
False,0.09436632521743837,68037.954800,114831360,0,0.000000,529.434266,529.434266,1.888809,2024-05-22 20:28:43,,,,,,,,,,,,
False,0.0940526567153262,68037.954800,114835456,0,0.000000,529.434266,529.434266,1.888809,2024-05-22 20:28:44,,,,,,,,,,,,
False,0.09373691135883877,68037.954800,114855936,0,0.000000,529.434266,529.434266,1.888809,2024-05-22 20:28:45,,,,,,,,,,,,
False,0.09342639659217948,68037.954800,114860032,0,0.000000,529.434266,529.434266,1.888809,2024-05-22 20:28:46,,,,,,,,,,,,
False,0.09311486496487414,68037.954800,114868224,0,0.000000,529.434266,529.434266,1.888809,2024-05-22 20:28:47,,,,,,,,,,,,
False,0.09281002722160833,68037.954800,114872320,0,0.000000,529.434266,529.434266,1.888809,2024-05-22 20:28:48,,,,,,,,,,,,
False,0.09250256535021088,68037.954800,114876416,0,0.000000,529.434266,529.434266,1.888809,2024-05-22 20:28:49,,,,,,,,,,,,
False,0.09220131930328515,68037.954800,114876416,0,0.000000,529.434266,529.434266,1.888809,2024-05-22 20:28:50,,,,,,,,,,,,
False,0.09189756491038198,68037.954800,114876416,0,0.000000,529.434266,529.434266,1.888809,2024-05-22 20:28:51,,,,,,,,,,,,
False,0.09160053190228835,68037.954800,114876416,0,0.000000,529.434266,529.434266,1.888809,2024-05-22 20:28:52,,,,,,,,,,,,
False,0.09130115478599789,68037.954800,114876416,0,0.000000,529.434266,529.434266,1.888809,2024-05-22 20:28:53,,,,,,,,,,,,
False,0.09100802456695951,68037.954800,114876416,0,0.000000,529.434266,529.434266,1.888809,2024-05-22 20:28:54,,,,,,,,,,,,
False,0.0907157580134135,68037.954800,114888704,0,0.000000,529.434266,529.434266,1.888809,2024-05-22 20:28:55,,,,,,,,,,,,
False,0.0954450228492668,68037.954800,114892800,0,0.000000,529.434266,529.434266,1.888809,2024-05-22 20:28:56,,,,,,,,,,,,
False,0.09514126663561152,68037.954800,114896896,0,0.000000,529.434266,529.434266,1.888809,2024-05-22 20:28:57,,,,,,,,,,,,
False,0.09483481735242552,68037.954800,114900992,0,0.000000,529.434266,529.434266,1.888809,2024-05-22 20:28:58,,,,,,,,,,,,
False,0.09453526135777526,68037.954800,114909184,0,0.000000,529.434266,529.434266,1.888809,2024-05-22 20:28:59,,,,,,,,,,,,
False,0.09423270051127228,68037.954800,114913280,0,0.000000,529.434266,529.434266,1.888809,2024-05-22 20:29:00,,,,,,,,,,,,
False,0.09393677598479089,68037.954800,114913280,0,0.000000,529.434266,529.434266,1.888809,2024-05-22 20:29:01,,,,,,,,,,,,
False,0.09363796440318947,68037.954800,114929664,0,0.000000,529.434266,529.434266,1.888809,2024-05-22 20:29:02,,,,,,,,,,,,
False,0.09334510973036712,50505.657100,115044352,0,0.000000,529.434266,529.434266,1.888809,2024-05-22 20:29:03,,,,,,,,,,,,
False,0.112789,50505.657100,118706176,0,0.000000,529.434266,529.434266,1.888809,2024-05-22 20:29:04,localhost:50002,2024-05-22 20:29:04.2899676 +0900 KST m=+318.606122101,,,,,,,,,,
False,0.11228814303518528,50505.657100,114036736,0,0.000000,630.073350,630.073350,1.587117,2024-05-22 20:29:05,,,,,,,,,,,,
False,0.11194063256562348,50505.657100,114040832,0,0.000000,630.073350,630.073350,1.587117,2024-05-22 20:29:06,,,,,,,,,,,,
False,0.1115939015822468,50505.657100,114040832,0,0.000000,630.073350,630.073350,1.587117,2024-05-22 20:29:07,,,,,,,,,,,,
False,0.11124979418014165,50505.657100,114040832,0,0.000000,630.073350,630.073350,1.587117,2024-05-22 20:29:08,,,,,,,,,,,,
False,0.11090337589965733,50505.657100,114040832,0,0.000000,630.073350,630.073350,1.587117,2024-05-22 20:29:09,,,,,,,,,,,,
False,0.11056423156187102,50505.657100,114044928,0,0.000000,630.073350,630.073350,1.587117,2024-05-22 20:29:10,,,,,,,,,,,,
False,0.11022612778086158,50505.657100,114044928,0,0.000000,630.073350,630.073350,1.587117,2024-05-22 20:29:11,,,,,,,,,,,,
False,0.10988600189039453,50505.657100,114049024,0,0.000000,630.073350,630.073350,1.587117,2024-05-22 20:29:12,,,,,,,,,,,,
False,0.10955141648076268,50505.657100,114049024,0,0.000000,630.073350,630.073350,1.587117,2024-05-22 20:29:13,,,,,,,,,,,,
False,0.10922018317309247,50505.657100,114049024,0,0.000000,630.073350,630.073350,1.587117,2024-05-22 20:29:14,,,,,,,,,,,,
False,0.108886841593738,50505.657100,114057216,0,0.000000,630.073350,630.073350,1.587117,2024-05-22 20:29:15,,,,,,,,,,,,
False,0.10855860991898486,50505.657100,114057216,0,0.000000,630.073350,630.073350,1.587117,2024-05-22 20:29:16,,,,,,,,,,,,
False,0.10823459616799967,50505.657100,114061312,0,0.000000,630.073350,630.073350,1.587117,2024-05-22 20:29:17,,,,,,,,,,,,
False,0.10790648130095815,50505.657100,114065408,0,0.000000,630.073350,630.073350,1.587117,2024-05-22 20:29:18,,,,,,,,,,,,
False,0.10758524282871991,50505.657100,114069504,0,0.000000,630.073350,630.073350,1.587117,2024-05-22 20:29:19,,,,,,,,,,,,
False,0.10726148317337666,50505.657100,114073600,0,0.000000,630.073350,630.073350,1.587117,2024-05-22 20:29:20,,,,,,,,,,,,
False,0.10694366274475299,50505.657100,114061312,0,0.000000,630.073350,630.073350,1.587117,2024-05-22 20:29:21,,,,,,,,,,,,
False,0.10662841176803985,50505.657100,114065408,0,0.000000,630.073350,630.073350,1.587117,2024-05-22 20:29:22,,,,,,,,,,,,
False,0.10630937268642332,50505.657100,114065408,0,0.000000,630.073350,630.073350,1.587117,2024-05-22 20:29:23,,,,,,,,,,,,
False,0.10599740852757453,50505.657100,114069504,0,0.000000,630.073350,630.073350,1.587117,2024-05-22 20:29:24,,,,,,,,,,,,
False,0.10568771528931319,50505.657100,114081792,0,0.000000,630.073350,630.073350,1.587117,2024-05-22 20:29:25,,,,,,,,,,,,
False,0.1053761069450687,50505.657100,114085888,0,0.000000,630.073350,630.073350,1.587117,2024-05-22 20:29:26,,,,,,,,,,,,
False,0.10506901514430562,50505.657100,114085888,0,0.000000,630.073350,630.073350,1.587117,2024-05-22 20:29:27,,,,,,,,,,,,
False,0.10476388262349451,50505.657100,114089984,0,0.000000,630.073350,630.073350,1.587117,2024-05-22 20:29:28,,,,,,,,,,,,
False,0.10445693246865435,50505.657100,114094080,0,0.000000,630.073350,630.073350,1.587117,2024-05-22 20:29:29,,,,,,,,,,,,
False,0.10415586196020839,50505.657100,114098176,0,0.000000,630.073350,630.073350,1.587117,2024-05-22 20:29:30,,,,,,,,,,,,
False,0.10385290155443085,50505.657100,114118656,0,0.000000,630.073350,630.073350,1.587117,2024-05-22 20:29:31,,,,,,,,,,,,
False,0.10355438011307261,50505.657100,114118656,0,0.000000,630.073350,630.073350,1.587117,2024-05-22 20:29:32,,,,,,,,,,,,
False,0.10325483765104754,50505.657100,114118656,0,0.000000,630.073350,630.073350,1.587117,2024-05-22 20:29:33,,,,,,,,,,,,
False,0.1029608754698306,50505.657100,114122752,0,0.000000,630.073350,630.073350,1.587117,2024-05-22 20:29:34,,,,,,,,,,,,
False,0.1026651840059087,50505.657100,114126848,0,0.000000,630.073350,630.073350,1.587117,2024-05-22 20:29:35,,,,,,,,,,,,
False,0.10237477965194271,50505.657100,114130944,0,0.000000,630.073350,630.073350,1.587117,2024-05-22 20:29:36,,,,,,,,,,,,
False,0.10208561666190409,50505.657100,114130944,0,0.000000,630.073350,630.073350,1.587117,2024-05-22 20:29:37,,,,,,,,,,,,
False,0.10179413367977547,50505.657100,114139136,0,0.000000,630.073350,630.073350,1.587117,2024-05-22 20:29:38,,,,,,,,,,,,
False,0.10150886588631439,50505.657100,114139136,0,0.000000,630.073350,630.073350,1.587117,2024-05-22 20:29:39,,,,,,,,,,,,
False,0.10122051124925345,50505.657100,114143232,0,0.000000,630.073350,630.073350,1.587117,2024-05-22 20:29:40,,,,,,,,,,,,
False,0.10093773683951578,50505.657100,114151424,0,0.000000,630.073350,630.073350,1.587117,2024-05-22 20:29:41,,,,,,,,,,,,
False,0.100652417811212,50505.657100,114155520,0,0.000000,630.073350,630.073350,1.587117,2024-05-22 20:29:42,,,,,,,,,,,,
False,0.10037221430067096,50505.657100,114155520,0,0.000000,630.073350,630.073350,1.587117,2024-05-22 20:29:43,,,,,,,,,,,,
False,0.1000946100799793,50505.657100,114155520,0,0.000000,630.073350,630.073350,1.587117,2024-05-22 20:29:44,,,,,,,,,,,,
False,0.09981329466002159,50505.657100,114163712,0,0.000000,630.073350,630.073350,1.587117,2024-05-22 20:29:45,,,,,,,,,,,,
False,0.09953794542513558,50505.657100,114171904,0,0.000000,630.073350,630.073350,1.587117,2024-05-22 20:29:46,,,,,,,,,,,,
False,0.09926435589806712,50505.657100,114176000,0,0.000000,630.073350,630.073350,1.587117,2024-05-22 20:29:47,,,,,,,,,,,,
False,0.09898883530687773,50505.657100,114180096,0,0.000000,630.073350,630.073350,1.587117,2024-05-22 20:29:48,,,,,,,,,,,,
False,0.09871887887068904,50505.657100,114184192,0,0.000000,630.073350,630.073350,1.587117,2024-05-22 20:29:49,,,,,,,,,,,,
False,0.09844641139484114,50505.657100,114184192,0,0.000000,630.073350,630.073350,1.587117,2024-05-22 20:29:50,,,,,,,,,,,,
False,0.09817914374232949,50505.657100,114188288,0,0.000000,630.073350,630.073350,1.587117,2024-05-22 20:29:51,,,,,,,,,,,,
False,0.09791327804874793,50505.657100,114196480,0,0.000000,630.073350,630.073350,1.587117,2024-05-22 20:29:52,,,,,,,,,,,,
False,0.09764373448779841,50505.657100,114196480,0,0.000000,630.073350,630.073350,1.587117,2024-05-22 20:29:53,,,,,,,,,,,,
False,0.09738021028720092,50505.657100,114204672,0,0.000000,630.073350,630.073350,1.587117,2024-05-22 20:29:54,,,,,,,,,,,,
False,0.09711963241424833,50505.657100,114212864,0,0.000000,630.073350,630.073350,1.587117,2024-05-22 20:29:55,,,,,,,,,,,,
False,0.0968552631326246,50505.657100,114221056,0,0.000000,630.073350,630.073350,1.587117,2024-05-22 20:29:56,,,,,,,,,,,,
False,0.09659549829492622,50505.657100,114221056,0,0.000000,630.073350,630.073350,1.587117,2024-05-22 20:29:57,,,,,,,,,,,,
False,0.09633857593383179,50505.657100,114221056,0,0.000000,630.073350,630.073350,1.587117,2024-05-22 20:29:58,,,,,,,,,,,,
False,0.09607823809452118,50505.657100,114229248,0,0.000000,630.073350,630.073350,1.587117,2024-05-22 20:29:59,,,,,,,,,,,,
False,0.09582305351281092,50505.657100,114229248,0,0.000000,630.073350,630.073350,1.587117,2024-05-22 20:30:00,,,,,,,,,,,,
False,0.09556984764565365,50505.657100,114237440,0,0.000000,630.073350,630.073350,1.587117,2024-05-22 20:30:01,,,,,,,,,,,,
False,0.09531455539829756,50505.657100,114245632,0,0.000000,630.073350,630.073350,1.587117,2024-05-22 20:30:02,,,,,,,,,,,,
False,0.09506115964541922,50505.657100,114249728,0,0.000000,630.073350,630.073350,1.587117,2024-05-22 20:30:03,,,,,,,,,,,,
False,0.09481257303084367,50505.657100,114253824,0,0.000000,630.073350,630.073350,1.587117,2024-05-22 20:30:04,,,,,,,,,,,,
False,0.09456070209396937,50505.657100,114253824,0,0.000000,630.073350,630.073350,1.587117,2024-05-22 20:30:05,,,,,,,,,,,,
False,0.09431467016435476,50505.657100,114266112,0,0.000000,630.073350,630.073350,1.587117,2024-05-22 20:30:06,,,,,,,,,,,,
False,0.0940663458901186,50505.657100,114266112,0,0.000000,630.073350,630.073350,1.587117,2024-05-22 20:30:07,,,,,,,,,,,,
False,0.09382247539838547,50505.657100,114270208,0,0.000000,630.073350,630.073350,1.587117,2024-05-22 20:30:08,,,,,,,,,,,,
False,0.0935760179180221,50505.657100,114274304,0,0.000000,630.073350,630.073350,1.587117,2024-05-22 20:30:09,,,,,,,,,,,,
False,0.09333461248912124,50505.657100,114282496,0,0.000000,630.073350,630.073350,1.587117,2024-05-22 20:30:10,,,,,,,,,,,,
False,0.09309405634049077,50505.657100,114286592,0,0.000000,630.073350,630.073350,1.587117,2024-05-22 20:30:11,,,,,,,,,,,,
False,0.09285160319531352,50505.657100,114286592,0,0.000000,630.073350,630.073350,1.587117,2024-05-22 20:30:12,,,,,,,,,,,,
False,0.09261445136890487,50505.657100,114294784,0,0.000000,630.073350,630.073350,1.587117,2024-05-22 20:30:13,,,,,,,,,,,,
False,0.09237411168793745,50505.657100,114294784,0,0.000000,630.073350,630.073350,1.587117,2024-05-22 20:30:14,,,,,,,,,,,,
False,0.09213853460623499,50505.657100,114298880,0,0.000000,630.073350,630.073350,1.587117,2024-05-22 20:30:15,,,,,,,,,,,,
False,0.09190062592694807,50505.657100,114307072,0,0.000000,630.073350,630.073350,1.587117,2024-05-22 20:30:16,,,,,,,,,,,,
False,0.09166762208454733,50505.657100,114311168,0,0.000000,630.073350,630.073350,1.587117,2024-05-22 20:30:17,,,,,,,,,,,,
False,0.0914357308114916,50505.657100,114315264,0,0.000000,630.073350,630.073350,1.587117,2024-05-22 20:30:18,,,,,,,,,,,,
False,0.0912016590948006,50505.657100,114319360,0,0.000000,630.073350,630.073350,1.587117,2024-05-22 20:30:19,,,,,,,,,,,,
False,0.0909718019590416,50505.657100,114327552,0,0.000000,630.073350,630.073350,1.587117,2024-05-22 20:30:20,,,,,,,,,,,,
False,0.09074306273022463,50505.657100,114331648,0,0.000000,630.073350,630.073350,1.587117,2024-05-22 20:30:21,,,,,,,,,,,,
False,0.09051394135771308,50505.657100,114339840,0,0.000000,630.073350,630.073350,1.587117,2024-05-22 20:30:22,,,,,,,,,,,,
False,0.09028481071156028,50505.657100,114343936,0,0.000000,630.073350,630.073350,1.587117,2024-05-22 20:30:23,,,,,,,,,,,,
False,0.09006027550359867,50505.657100,114352128,0,0.000000,630.073350,630.073350,1.587117,2024-05-22 20:30:24,,,,,,,,,,,,
False,0.08983344185958858,50505.657100,114352128,0,0.000000,630.073350,630.073350,1.587117,2024-05-22 20:30:25,,,,,,,,,,,,
False,0.0896106263425785,50505.657100,114360320,0,0.000000,630.073350,630.073350,1.587117,2024-05-22 20:30:26,,,,,,,,,,,,
False,0.08938922358651805,50505.657100,114368512,0,0.000000,630.073350,630.073350,1.587117,2024-05-22 20:30:27,,,,,,,,,,,,
False,0.08916599273551687,50505.657100,114348032,0,0.000000,630.073350,630.073350,1.587117,2024-05-22 20:30:28,,,,,,,,,,,,
False,0.08894620569045948,50505.657100,114352128,0,0.000000,630.073350,630.073350,1.587117,2024-05-22 20:30:29,,,,,,,,,,,,
False,0.08872682244397663,50505.657100,114356224,0,0.000000,630.073350,630.073350,1.587117,2024-05-22 20:30:30,,,,,,,,,,,,
False,0.08850743594505799,50505.657100,114364416,0,0.000000,630.073350,630.073350,1.587117,2024-05-22 20:30:31,,,,,,,,,,,,
False,0.08828827711310192,50505.657100,114364416,0,0.000000,630.073350,630.073350,1.587117,2024-05-22 20:30:32,,,,,,,,,,,,
False,0.0880730725604598,50505.657100,114368512,0,0.000000,630.073350,630.073350,1.587117,2024-05-22 20:30:33,,,,,,,,,,,,
False,0.08785824170551976,50505.657100,114380800,0,0.000000,630.073350,630.073350,1.587117,2024-05-22 20:30:34,,,,,,,,,,,,
False,0.08764503752923193,50505.657100,114380800,0,0.000000,630.073350,630.073350,1.587117,2024-05-22 20:30:35,,,,,,,,,,,,
False,0.0874302736877024,50505.657100,114388992,0,0.000000,630.073350,630.073350,1.587117,2024-05-22 20:30:36,,,,,,,,,,,,
False,0.08721884707645769,50505.657100,114393088,0,0.000000,630.073350,630.073350,1.587117,2024-05-22 20:30:37,,,,,,,,,,,,
False,0.08700867984063423,50505.657100,114401280,0,0.000000,630.073350,630.073350,1.587117,2024-05-22 20:30:38,,,,,,,,,,,,
False,0.08679563422753973,50505.657100,114401280,0,0.000000,630.073350,630.073350,1.587117,2024-05-22 20:30:39,,,,,,,,,,,,
False,0.0865881248681394,50505.657100,114405376,0,0.000000,630.073350,630.073350,1.587117,2024-05-22 20:30:40,,,,,,,,,,,,
False,0.08638108939821146,50505.657100,114417664,0,0.000000,630.073350,630.073350,1.587117,2024-05-22 20:30:41,,,,,,,,,,,,
False,0.0861719697785264,50505.657100,114421760,0,0.000000,630.073350,630.073350,1.587117,2024-05-22 20:30:42,,,,,,,,,,,,
False,0.08596681940985614,50505.657100,114425856,0,0.000000,630.073350,630.073350,1.587117,2024-05-22 20:30:43,,,,,,,,,,,,
False,0.08576166805362126,50505.657100,114429952,0,0.000000,630.073350,630.073350,1.587117,2024-05-22 20:30:44,,,,,,,,,,,,
False,0.08555868407359878,50505.657100,114434048,0,0.000000,630.073350,630.073350,1.587117,2024-05-22 20:30:45,,,,,,,,,,,,
False,0.08535293310060046,50505.657100,114438144,0,0.000000,630.073350,630.073350,1.587117,2024-05-22 20:30:46,,,,,,,,,,,,
False,0.08515165814907534,50505.657100,114438144,0,0.000000,630.073350,630.073350,1.587117,2024-05-22 20:30:47,,,,,,,,,,,,
False,0.08495162153781823,50505.657100,114446336,0,0.000000,630.073350,630.073350,1.587117,2024-05-22 20:30:48,,,,,,,,,,,,
False,0.08474879399323809,50505.657100,114446336,0,0.000000,630.073350,630.073350,1.587117,2024-05-22 20:30:49,,,,,,,,,,,,
False,0.08455032313833634,50505.657100,114458624,0,0.000000,630.073350,630.073350,1.587117,2024-05-22 20:30:50,,,,,,,,,,,,
False,0.08435344482316302,50505.657100,114470912,0,0.000000,630.073350,630.073350,1.587117,2024-05-22 20:30:51,,,,,,,,,,,,
False,0.08415481239323357,50505.657100,114475008,0,0.000000,630.073350,630.073350,1.587117,2024-05-22 20:30:52,,,,,,,,,,,,
False,0.08395874365996105,50505.657100,114475008,0,0.000000,630.073350,630.073350,1.587117,2024-05-22 20:30:53,,,,,,,,,,,,
False,0.08376108145239693,50505.657100,114475008,0,0.000000,630.073350,630.073350,1.587117,2024-05-22 20:30:54,,,,,,,,,,,,
False,0.0835677998922072,50505.657100,114483200,0,0.000000,630.073350,630.073350,1.587117,2024-05-22 20:30:55,,,,,,,,,,,,
False,0.08337485903979332,50505.657100,114487296,0,0.000000,630.073350,630.073350,1.587117,2024-05-22 20:30:56,,,,,,,,,,,,
False,0.08317986077129348,50505.657100,114491392,0,0.000000,630.073350,630.073350,1.587117,2024-05-22 20:30:57,,,,,,,,,,,,
False,0.08298900037636653,50505.657100,114503680,0,0.000000,630.073350,630.073350,1.587117,2024-05-22 20:30:58,,,,,,,,,,,,
False,0.0827963972094945,50505.657100,114507776,0,0.000000,630.073350,630.073350,1.587117,2024-05-22 20:30:59,,,,,,,,,,,,
False,0.08260718785968348,50505.657100,114507776,0,0.000000,630.073350,630.073350,1.587117,2024-05-22 20:31:00,,,,,,,,,,,,
False,0.08241870970076415,50505.657100,114511872,0,0.000000,630.073350,630.073350,1.587117,2024-05-22 20:31:01,,,,,,,,,,,,
False,0.08222836328846425,50505.657100,114520064,0,0.000000,630.073350,630.073350,1.587117,2024-05-22 20:31:02,,,,,,,,,,,,
False,0.0820420946923741,50505.657100,114520064,0,0.000000,630.073350,630.073350,1.587117,2024-05-22 20:31:03,,,,,,,,,,,,
False,0.08185405206160785,50505.657100,114593792,0,0.000000,630.073350,630.073350,1.587117,2024-05-22 20:31:04,,,,,,,,,,,,
False,0.08166859501132884,50505.657100,114360320,0,0.000000,630.073350,630.073350,1.587117,2024-05-22 20:31:05,,,,,,,,,,,,
False,0.08148366962111432,50505.657100,83820544,0,0.000000,630.073350,630.073350,1.587117,2024-05-22 20:31:06,,,,,,,,,,,,
False,0.08129799292128133,50505.657100,52887552,0,0.000000,630.073350,630.073350,1.587117,2024-05-22 20:31:07,,,,,,,,,,,,
False,0.08111546752414747,50505.657100,22282240,0,0.000000,630.073350,630.073350,1.587117,2024-05-22 20:31:08,,,,,,,,,,,,
False,0.08093322308593733,50505.657100,18350080,0,0.000000,630.073350,630.073350,1.587117,2024-05-22 20:31:09,,,,,,,,,,,,
False,0.08075220353006529,50505.657100,18350080,0,0.000000,630.073350,630.073350,1.587117,2024-05-22 20:31:10,,,,,,,,,,,,
False,0.08056893993626521,50505.657100,18350080,0,0.000000,630.073350,630.073350,1.587117,2024-05-22 20:31:11,,,,,,,,,,,,
False,0.08038944044628608,50505.657100,18350080,0,0.000000,630.073350,630.073350,1.587117,2024-05-22 20:31:12,,,,,,,,,,,,
False,0.08021018999324261,50505.657100,18350080,0,0.000000,630.073350,630.073350,1.587117,2024-05-22 20:31:13,,,,,,,,,,,,
False,0.08003269878074598,50505.657100,18354176,0,0.000000,630.073350,630.073350,1.587117,2024-05-22 20:31:14,,,,,,,,,,,,
False,0.07985285553251442,50505.657100,18354176,0,0.000000,630.073350,630.073350,1.587117,2024-05-22 20:31:15,,,,,,,,,,,,
False,0.07967656356405384,50505.657100,18354176,0,0.000000,630.073350,630.073350,1.587117,2024-05-22 20:31:16,,,,,,,,,,,,
False,0.07950119594686035,50505.657100,18354176,0,0.000000,630.073350,630.073350,1.587117,2024-05-22 20:31:17,,,,,,,,,,,,
False,0.07932426208008406,50505.657100,18354176,0,0.000000,630.073350,630.073350,1.587117,2024-05-22 20:31:18,,,,,,,,,,,,
False,0.07914994031401835,50505.657100,18354176,0,0.000000,630.073350,630.073350,1.587117,2024-05-22 20:31:19,,,,,,,,,,,,
False,0.07897773262303824,50505.657100,18354176,0,0.000000,630.073350,630.073350,1.587117,2024-05-22 20:31:20,,,,,,,,,,,,
False,0.0788029933393822,50505.657100,18354176,0,0.000000,630.073350,630.073350,1.587117,2024-05-22 20:31:21,,,,,,,,,,,,
False,0.07863194371374779,50505.657100,18354176,0,0.000000,630.073350,630.073350,1.587117,2024-05-22 20:31:22,,,,,,,,,,,,
False,0.0784585675893664,50505.657100,18354176,0,0.000000,630.073350,630.073350,1.587117,2024-05-22 20:31:23,,,,,,,,,,,,
False,0.07828850012038337,50505.657100,18358272,0,0.000000,630.073350,630.073350,1.587117,2024-05-22 20:31:24,,,,,,,,,,,,
False,0.07811697239424166,50505.657100,18358272,0,0.000000,630.073350,630.073350,1.587117,2024-05-22 20:31:25,,,,,,,,,,,,
False,0.07794784424034495,50505.657100,18358272,0,0.000000,630.073350,630.073350,1.587117,2024-05-22 20:31:26,,,,,,,,,,,,
False,0.07778001233515786,50505.657100,18358272,0,0.000000,630.073350,630.073350,1.587117,2024-05-22 20:31:27,,,,,,,,,,,,
False,0.07761084058200678,50505.657100,18358272,0,0.000000,630.073350,630.073350,1.587117,2024-05-22 20:31:28,,,,,,,,,,,,
False,0.07744442883126448,50505.657100,18358272,0,0.000000,630.073350,630.073350,1.587117,2024-05-22 20:31:29,,,,,,,,,,,,
False,0.07727833197581584,50505.657100,18358272,0,0.000000,630.073350,630.073350,1.587117,2024-05-22 20:31:30,,,,,,,,,,,,
False,0.07711359182565912,50505.657100,18358272,0,0.000000,630.073350,630.073350,1.587117,2024-05-22 20:31:31,,,,,,,,,,,,
False,0.07694764906312655,50505.657100,18362368,0,0.000000,630.073350,630.073350,1.587117,2024-05-22 20:31:32,,,,,,,,,,,,
False,0.07678391154712519,50505.657100,18362368,0,0.000000,630.073350,630.073350,1.587117,2024-05-22 20:31:33,,,,,,,,,,,,
False,0.07661870873261183,50505.657100,18362368,0,0.000000,630.073350,630.073350,1.587117,2024-05-22 20:31:34,,,,,,,,,,,,
False,0.07645678999713622,50505.657100,18362368,0,0.000000,630.073350,630.073350,1.587117,2024-05-22 20:31:35,,,,,,,,,,,,
False,0.07629324464042053,50505.657100,18362368,0,0.000000,630.073350,630.073350,1.587117,2024-05-22 20:31:36,,,,,,,,,,,,
False,0.07613219976787296,50505.657100,18366464,0,0.000000,630.073350,630.073350,1.587117,2024-05-22 20:31:37,,,,,,,,,,,,
False,0.07597244705809159,50505.657100,18374656,0,0.000000,630.073350,630.073350,1.587117,2024-05-22 20:31:38,,,,,,,,,,,,
False,0.07581108103313225,50505.657100,18378752,0,0.000000,630.073350,630.073350,1.587117,2024-05-22 20:31:39,,,,,,,,,,,,
False,0.07565241189597895,50505.657100,18382848,0,0.000000,630.073350,630.073350,1.587117,2024-05-22 20:31:40,,,,,,,,,,,,
False,0.07549239084532258,50505.657100,18386944,0,0.000000,630.073350,630.073350,1.587117,2024-05-22 20:31:41,,,,,,,,,,,,
False,0.07533493021150878,50505.657100,18395136,0,0.000000,630.073350,630.073350,1.587117,2024-05-22 20:31:42,,,,,,,,,,,,
False,0.07517561109563428,50505.657100,18407424,0,0.000000,630.073350,630.073350,1.587117,2024-05-22 20:31:43,,,,,,,,,,,,
False,0.07501946702198953,50505.657100,18411520,0,0.000000,630.073350,630.073350,1.587117,2024-05-22 20:31:44,,,,,,,,,,,,
False,0.07486396718763283,50505.657100,18411520,0,0.000000,630.073350,630.073350,1.587117,2024-05-22 20:31:45,,,,,,,,,,,,
False,0.07470678831824244,50505.657100,18415616,0,0.000000,630.073350,630.073350,1.587117,2024-05-22 20:31:46,,,,,,,,,,,,
False,0.07455288153232026,50505.657100,18423808,0,0.000000,630.073350,630.073350,1.587117,2024-05-22 20:31:47,,,,,,,,,,,,
False,0.07439952169845028,50505.657100,18423808,0,0.000000,630.073350,630.073350,1.587117,2024-05-22 20:31:48,,,,,,,,,,,,
False,0.07424484008711771,50505.657100,18427904,0,0.000000,630.073350,630.073350,1.587117,2024-05-22 20:31:49,,,,,,,,,,,,
False,0.07409071491068354,50505.657100,18427904,0,0.000000,630.073350,630.073350,1.587117,2024-05-22 20:31:50,,,,,,,,,,,,
False,0.07393944447823364,50505.657100,18427904,0,0.000000,630.073350,630.073350,1.587117,2024-05-22 20:31:51,,,,,,,,,,,,
False,0.07378647246675679,50505.657100,18427904,0,0.000000,630.073350,630.073350,1.587117,2024-05-22 20:31:52,,,,,,,,,,,,
False,0.07363642970103577,50505.657100,18427904,0,0.000000,630.073350,630.073350,1.587117,2024-05-22 20:31:53,,,,,,,,,,,,
False,0.07348668064694729,50505.657100,18427904,0,0.000000,630.073350,630.073350,1.587117,2024-05-22 20:31:54,,,,,,,,,,,,
False,0.07333560620145681,50505.657100,18427904,0,0.000000,630.073350,630.073350,1.587117,2024-05-22 20:31:55,,,,,,,,,,,,
False,0.0731875168525013,50505.657100,18427904,0,0.000000,630.073350,630.073350,1.587117,2024-05-22 20:31:56,,,,,,,,,,,,
False,0.07303801003074469,50505.657100,18432000,0,0.000000,630.073350,630.073350,1.587117,2024-05-22 20:31:57,,,,,,,,,,,,
False,0.07289067199168134,50505.657100,18444288,0,0.000000,630.073350,630.073350,1.587117,2024-05-22 20:31:58,,,,,,,,,,,,
False,0.07274199640474815,50505.657100,18444288,0,0.000000,630.073350,630.073350,1.587117,2024-05-22 20:31:59,,,,,,,,,,,,
False,0.07259411206182721,50505.657100,18448384,0,0.000000,630.073350,630.073350,1.587117,2024-05-22 20:32:00,,,,,,,,,,,,
False,0.07244876007088517,50505.657100,18448384,0,0.000000,630.073350,630.073350,1.587117,2024-05-22 20:32:01,,,,,,,,,,,,
False,0.0723038656940739,50505.657100,18448384,0,0.000000,630.073350,630.073350,1.587117,2024-05-22 20:32:02,,,,,,,,,,,,
False,0.07215739978902495,50505.657100,18452480,0,0.000000,630.073350,630.073350,1.587117,2024-05-22 20:32:03,,,,,,,,,,,,
False,0.07201383242855527,50505.657100,18452480,0,0.000000,630.073350,630.073350,1.587117,2024-05-22 20:32:04,,,,,,,,,,,,
False,0.07186879401464677,50505.657100,18452480,0,0.000000,630.073350,630.073350,1.587117,2024-05-22 20:32:05,,,,,,,,,,,,
False,0.07172619312432747,50505.657100,18452480,0,0.000000,630.073350,630.073350,1.587117,2024-05-22 20:32:06,,,,,,,,,,,,
False,0.0715819236047726,50505.657100,18452480,0,0.000000,630.073350,630.073350,1.587117,2024-05-22 20:32:07,,,,,,,,,,,,
False,0.07144087926680137,50505.657100,18456576,0,0.000000,630.073350,630.073350,1.587117,2024-05-22 20:32:08,,,,,,,,,,,,
False,0.0712980257601764,50505.657100,18456576,0,0.000000,630.073350,630.073350,1.587117,2024-05-22 20:32:09,,,,,,,,,,,,
False,0.07115812799933688,50505.657100,18456576,0,0.000000,630.073350,630.073350,1.587117,2024-05-22 20:32:10,,,,,,,,,,,,
False,0.07101652963492323,50505.657100,18456576,0,0.000000,630.073350,630.073350,1.587117,2024-05-22 20:32:11,,,,,,,,,,,,
False,0.07087754658089322,50505.657100,18456576,0,0.000000,630.073350,630.073350,1.587117,2024-05-22 20:32:12,,,,,,,,,,,,
False,0.07073683090824634,50505.657100,18456576,0,0.000000,630.073350,630.073350,1.587117,2024-05-22 20:32:13,,,,,,,,,,,,
False,0.07059894860071575,50505.657100,18456576,0,0.000000,630.073350,630.073350,1.587117,2024-05-22 20:32:14,,,,,,,,,,,,
False,0.07045945532382625,50505.657100,18456576,0,0.000000,630.073350,630.073350,1.587117,2024-05-22 20:32:15,,,,,,,,,,,,
False,0.0703226533620278,50505.657100,18456576,0,0.000000,630.073350,630.073350,1.587117,2024-05-22 20:32:16,,,,,,,,,,,,
False,0.07018466042616532,50505.657100,18460672,0,0.000000,630.073350,630.073350,1.587117,2024-05-22 20:32:17,,,,,,,,,,,,
False,0.0700471770266282,50505.657100,18460672,0,0.000000,630.073350,630.073350,1.587117,2024-05-22 20:32:18,,,,,,,,,,,,
False,0.06991172879271862,50505.657100,18460672,0,0.000000,630.073350,630.073350,1.587117,2024-05-22 20:32:19,,,,,,,,,,,,
False,0.06977516533941139,50505.657100,18460672,0,0.000000,630.073350,630.073350,1.587117,2024-05-22 20:32:20,,,,,,,,,,,,
False,0.06964109040185724,50505.657100,18464768,0,0.000000,630.073350,630.073350,1.587117,2024-05-22 20:32:21,,,,,,,,,,,,
False,0.06950551010528065,50505.657100,18464768,0,0.000000,630.073350,630.073350,1.587117,2024-05-22 20:32:22,,,,,,,,,,,,
False,0.06937279800158284,50505.657100,18464768,0,0.000000,630.073350,630.073350,1.587117,2024-05-22 20:32:23,,,,,,,,,,,,
False,0.06923799604659645,50505.657100,18464768,0,0.000000,630.073350,630.073350,1.587117,2024-05-22 20:32:24,,,,,,,,,,,,
False,0.06910588208208175,50505.657100,18464768,0,0.000000,630.073350,630.073350,1.587117,2024-05-22 20:32:25,,,,,,,,,,,,
False,0.06897196646893002,50505.657100,18464768,0,0.000000,630.073350,630.073350,1.587117,2024-05-22 20:32:26,,,,,,,,,,,,
False,0.068840582938842,50505.657100,18464768,0,0.000000,630.073350,630.073350,1.587117,2024-05-22 20:32:27,,,,,,,,,,,,
False,0.06870819568609038,50505.657100,18464768,0,0.000000,630.073350,630.073350,1.587117,2024-05-22 20:32:28,,,,,,,,,,,,
False,0.06857816069246979,50505.657100,18464768,0,0.000000,630.073350,630.073350,1.587117,2024-05-22 20:32:29,,,,,,,,,,,,
False,0.06844677544829632,50505.657100,18468864,0,0.000000,630.073350,630.073350,1.587117,2024-05-22 20:32:30,,,,,,,,,,,,
False,0.06831754130680434,50505.657100,18468864,0,0.000000,630.073350,630.073350,1.587117,2024-05-22 20:32:31,,,,,,,,,,,,
False,0.06818832938782551,50505.657100,18468864,0,0.000000,630.073350,630.073350,1.587117,2024-05-22 20:32:32,,,,,,,,,,,,
False,0.0710169474750659,50505.657100,18468864,0,0.000000,630.073350,630.073350,1.587117,2024-05-22 20:32:33,,,,,,,,,,,,
False,0.0738361581036875,50505.657100,18468864,0,0.000000,630.073350,630.073350,1.587117,2024-05-22 20:32:34,,,,,,,,,,,,
False,0.07369751766835515,50505.657100,18468864,0,0.000000,630.073350,630.073350,1.587117,2024-05-22 20:32:35,,,,,,,,,,,,
False,0.07355761268033177,50505.657100,18468864,0,0.000000,630.073350,630.073350,1.587117,2024-05-22 20:32:36,,,,,,,,,,,,
False,0.07341977302604726,50505.657100,18468864,0,0.000000,630.073350,630.073350,1.587117,2024-05-22 20:32:37,,,,,,,,,,,,
False,0.07328305888179765,50505.657100,18468864,0,0.000000,630.073350,630.073350,1.587117,2024-05-22 20:32:38,,,,,,,,,,,,
False,0.07314486921610594,50505.657100,18468864,0,0.000000,630.073350,630.073350,1.587117,2024-05-22 20:32:39,,,,,,,,,,,,
False,0.07300883996304927,50505.657100,18468864,0,0.000000,630.073350,630.073350,1.587117,2024-05-22 20:32:40,,,,,,,,,,,,
False,0.07287142174143456,50505.657100,18468864,0,0.000000,630.073350,630.073350,1.587117,2024-05-22 20:32:41,,,,,,,,,,,,
False,0.07273586735393975,50505.657100,18468864,0,0.000000,630.073350,630.073350,1.587117,2024-05-22 20:32:42,,,,,,,,,,,,
False,0.07260186147942572,50505.657100,18468864,0,0.000000,630.073350,630.073350,1.587117,2024-05-22 20:32:43,,,,,,,,,,,,
False,0.0724671553274049,50505.657100,18468864,0,0.000000,630.073350,630.073350,1.587117,2024-05-22 20:32:44,,,,,,,,,,,,
False,0.07233189470544625,50505.657100,18468864,0,0.000000,630.073350,630.073350,1.587117,2024-05-22 20:32:45,,,,,,,,,,,,
False,0.07219886922085744,50505.657100,18468864,0,0.000000,630.073350,630.073350,1.587117,2024-05-22 20:32:46,,,,,,,,,,,,
False,0.07206635761950946,50505.657100,18468864,0,0.000000,630.073350,630.073350,1.587117,2024-05-22 20:32:47,,,,,,,,,,,,
False,0.07193276040854986,50505.657100,18468864,0,0.000000,630.073350,630.073350,1.587117,2024-05-22 20:32:48,,,,,,,,,,,,
False,0.07180142587733535,50505.657100,18468864,0,0.000000,630.073350,630.073350,1.587117,2024-05-22 20:32:49,,,,,,,,,,,,
False,0.07166871964928682,50505.657100,18468864,0,0.000000,630.073350,630.073350,1.587117,2024-05-22 20:32:50,,,,,,,,,,,,
False,0.07153855503527637,50505.657100,18468864,0,0.000000,630.073350,630.073350,1.587117,2024-05-22 20:32:51,,,,,,,,,,,,
False,0.07140660834229616,50505.657100,18468864,0,0.000000,630.073350,630.073350,1.587117,2024-05-22 20:32:52,,,,,,,,,,,,
False,0.07127710192716702,50505.657100,18468864,0,0.000000,630.073350,630.073350,1.587117,2024-05-22 20:32:53,,,,,,,,,,,,
False,0.07114602728337997,50505.657100,18468864,0,0.000000,630.073350,630.073350,1.587117,2024-05-22 20:32:54,,,,,,,,,,,,
False,0.07101719418109424,50505.657100,18468864,0,0.000000,630.073350,630.073350,1.587117,2024-05-22 20:32:55,,,,,,,,,,,,
False,0.07088928681301684,50505.657100,18468864,0,0.000000,630.073350,630.073350,1.587117,2024-05-22 20:32:56,,,,,,,,,,,,
False,0.07075949860578463,50505.657100,18468864,0,0.000000,630.073350,630.073350,1.587117,2024-05-22 20:32:57,,,,,,,,,,,,
False,0.07063229769260784,50505.657100,18468864,0,0.000000,630.073350,630.073350,1.587117,2024-05-22 20:32:58,,,,,,,,,,,,
False,0.07050384695557095,50505.657100,18468864,0,0.000000,630.073350,630.073350,1.587117,2024-05-22 20:32:59,,,,,,,,,,,,
False,0.07037764899223227,50505.657100,18468864,0,0.000000,630.073350,630.073350,1.587117,2024-05-22 20:33:00,,,,,,,,,,,,
False,0.07025166584675156,50505.657100,18468864,0,0.000000,630.073350,630.073350,1.587117,2024-05-22 20:33:01,,,,,,,,,,,,
False,0.0701242745652099,50505.657100,18472960,0,0.000000,630.073350,630.073350,1.587117,2024-05-22 20:33:02,,,,,,,,,,,,
False,0.06999936878981985,50505.657100,18472960,0,0.000000,630.073350,630.073350,1.587117,2024-05-22 20:33:03,,,,,,,,,,,,
False,0.06987472400119041,50505.657100,18477056,0,0.000000,630.073350,630.073350,1.587117,2024-05-22 20:33:04,,,,,,,,,,,,
False,0.06975025059834322,50505.657100,18477056,0,0.000000,630.073350,630.073350,1.587117,2024-05-22 20:33:05,,,,,,,,,,,,
False,0.06962469727760902,50505.657100,18489344,0,0.000000,630.073350,630.073350,1.587117,2024-05-22 20:33:06,,,,,,,,,,,,
False,0.06950155614042024,50505.657100,18489344,0,0.000000,630.073350,630.073350,1.587117,2024-05-22 20:33:07,,,,,,,,,,,,
False,0.06937843363381224,50505.657100,18489344,0,0.000000,630.073350,630.073350,1.587117,2024-05-22 20:33:08,,,,,,,,,,,,
False,0.06925547535796034,50505.657100,18489344,0,0.000000,630.073350,630.073350,1.587117,2024-05-22 20:33:09,,,,,,,,,,,,
False,0.06913162159535333,50505.657100,18489344,0,0.000000,630.073350,630.073350,1.587117,2024-05-22 20:33:10,,,,,,,,,,,,
False,0.06901012780039319,50505.657100,18489344,0,0.000000,630.073350,630.073350,1.587117,2024-05-22 20:33:11,,,,,,,,,,,,
False,0.06888851986960894,50505.657100,18489344,0,0.000000,630.073350,630.073350,1.587117,2024-05-22 20:33:12,,,,,,,,,,,,
False,0.06876803246790374,50505.657100,18489344,0,0.000000,630.073350,630.073350,1.587117,2024-05-22 20:33:13,,,,,,,,,,,,
False,0.06864599436387575,50505.657100,18489344,0,0.000000,630.073350,630.073350,1.587117,2024-05-22 20:33:14,,,,,,,,,,,,
False,0.06852622522462351,50505.657100,18489344,0,0.000000,630.073350,630.073350,1.587117,2024-05-22 20:33:15,,,,,,,,,,,,
False,0.06840537431195534,50505.657100,18489344,0,0.000000,630.073350,630.073350,1.587117,2024-05-22 20:33:16,,,,,,,,,,,,
False,0.06828633155749078,50505.657100,18489344,0,0.000000,630.073350,630.073350,1.587117,2024-05-22 20:33:17,,,,,,,,,,,,
False,0.06816635393202833,50505.657100,18493440,0,0.000000,630.073350,630.073350,1.587117,2024-05-22 20:33:18,,,,,,,,,,,,
False,0.06804823680666974,50505.657100,18493440,0,0.000000,630.073350,630.073350,1.587117,2024-05-22 20:33:19,,,,,,,,,,,,
False,0.06793037224995178,50505.657100,18493440,0,0.000000,630.073350,630.073350,1.587117,2024-05-22 20:33:20,,,,,,,,,,,,
False,0.0678116450228049,50505.657100,18497536,0,0.000000,630.073350,630.073350,1.587117,2024-05-22 20:33:21,,,,,,,,,,,,
False,0.06769492635768118,50505.657100,18497536,0,0.000000,630.073350,630.073350,1.587117,2024-05-22 20:33:22,,,,,,,,,,,,
False,0.06757685648793127,50505.657100,18501632,0,0.000000,630.073350,630.073350,1.587117,2024-05-22 20:33:23,,,,,,,,,,,,
False,0.0674608759270621,50505.657100,18501632,0,0.000000,630.073350,630.073350,1.587117,2024-05-22 20:33:24,,,,,,,,,,,,
False,0.06734457825025271,50505.657100,18505728,0,0.000000,630.073350,630.073350,1.587117,2024-05-22 20:33:25,,,,,,,,,,,,
False,0.06722942712666224,50505.657100,18505728,0,0.000000,630.073350,630.073350,1.587117,2024-05-22 20:33:26,,,,,,,,,,,,
False,0.06711281474516102,50505.657100,18509824,0,0.000000,630.073350,630.073350,1.587117,2024-05-22 20:33:27,,,,,,,,,,,,
False,0.0669980200213427,50505.657100,18513920,0,0.000000,630.073350,630.073350,1.587117,2024-05-22 20:33:28,,,,,,,,,,,,
False,0.06688243195186783,50505.657100,18513920,0,0.000000,630.073350,630.073350,1.587117,2024-05-22 20:33:29,,,,,,,,,,,,
False,0.06676859271875671,50505.657100,18526208,0,0.000000,630.073350,630.073350,1.587117,2024-05-22 20:33:30,,,,,,,,,,,,
False,0.06665542530419868,50505.657100,18526208,0,0.000000,630.073350,630.073350,1.587117,2024-05-22 20:33:31,,,,,,,,,,,,
False,0.06654226138413524,50505.657100,18530304,0,0.000000,630.073350,630.073350,1.587117,2024-05-22 20:33:32,,,,,,,,,,,,
False,0.06642805534595755,50505.657100,18530304,0,0.000000,630.073350,630.073350,1.587117,2024-05-22 20:33:33,,,,,,,,,,,,
False,0.06631627210058248,50505.657100,18534400,0,0.000000,630.073350,630.073350,1.587117,2024-05-22 20:33:34,,,,,,,,,,,,
False,0.06620307581427388,50505.657100,18542592,0,0.000000,630.073350,630.073350,1.587117,2024-05-22 20:33:35,,,,,,,,,,,,
False,0.066090310108355,50505.657100,18542592,0,0.000000,630.073350,630.073350,1.587117,2024-05-22 20:33:36,,,,,,,,,,,,
False,0.06597990245060305,50505.657100,18550784,0,0.000000,630.073350,630.073350,1.587117,2024-05-22 20:33:37,,,,,,,,,,,,
False,0.06586753398375704,50505.657100,18550784,0,0.000000,630.073350,630.073350,1.587117,2024-05-22 20:33:38,,,,,,,,,,,,
False,0.06575751642829734,50505.657100,18554880,0,0.000000,630.073350,630.073350,1.587117,2024-05-22 20:33:39,,,,,,,,,,,,
False,0.06564607069134712,50505.657100,18558976,0,0.000000,630.073350,630.073350,1.587117,2024-05-22 20:33:40,,,,,,,,,,,,
False,0.06553619286083412,50505.657100,18563072,0,0.000000,630.073350,630.073350,1.587117,2024-05-22 20:33:41,,,,,,,,,,,,
False,0.06542744955065317,50505.657100,18567168,0,0.000000,630.073350,630.073350,1.587117,2024-05-22 20:33:42,,,,,,,,,,,,
False,0.06531729336982262,50505.657100,18567168,0,0.000000,630.073350,630.073350,1.587117,2024-05-22 20:33:43,,,,,,,,,,,,
False,0.06520879157526564,50505.657100,18575360,0,0.000000,630.073350,630.073350,1.587117,2024-05-22 20:33:44,,,,,,,,,,,,
False,0.06509902857393873,50505.657100,18591744,0,0.000000,630.073350,630.073350,1.587117,2024-05-22 20:33:45,,,,,,,,,,,,
False,0.06499106267696257,50505.657100,18595840,0,0.000000,630.073350,630.073350,1.587117,2024-05-22 20:33:46,,,,,,,,,,,,
False,0.06488386458878231,50505.657100,18595840,0,0.000000,630.073350,630.073350,1.587117,2024-05-22 20:33:47,,,,,,,,,,,,
False,0.06477539471368284,50505.657100,18599936,0,0.000000,630.073350,630.073350,1.587117,2024-05-22 20:33:48,,,,,,,,,,,,
False,0.06466868746659189,50505.657100,18604032,0,0.000000,630.073350,630.073350,1.587117,2024-05-22 20:33:49,,,,,,,,,,,,
False,0.06456117066895795,50505.657100,18608128,0,0.000000,630.073350,630.073350,1.587117,2024-05-22 20:33:50,,,,,,,,,,,,
False,0.0644551679990429,50505.657100,18616320,0,0.000000,630.073350,630.073350,1.587117,2024-05-22 20:33:51,,,,,,,,,,,,
False,0.06434829221300374,50505.657100,18616320,0,0.000000,630.073350,630.073350,1.587117,2024-05-22 20:33:52,,,,,,,,,,,,
False,0.06424258098572502,50505.657100,18620416,0,0.000000,630.073350,630.073350,1.587117,2024-05-22 20:33:53,,,,,,,,,,,,
False,0.06413757718353802,50505.657100,18620416,0,0.000000,630.073350,630.073350,1.587117,2024-05-22 20:33:54,,,,,,,,,,,,
False,0.06403312642789968,50505.657100,18628608,0,0.000000,630.073350,630.073350,1.587117,2024-05-22 20:33:55,,,,,,,,,,,,
False,0.06392776244180647,50505.657100,18632704,0,0.000000,630.073350,630.073350,1.587117,2024-05-22 20:33:56,,,,,,,,,,,,
False,0.06382405176640193,50505.657100,18632704,0,0.000000,630.073350,630.073350,1.587117,2024-05-22 20:33:57,,,,,,,,,,,,
False,0.06371889955609214,50505.657100,18640896,0,0.000000,630.073350,630.073350,1.587117,2024-05-22 20:33:58,,,,,,,,,,,,
False,0.0636158410901516,50505.657100,18640896,0,0.000000,630.073350,630.073350,1.587117,2024-05-22 20:33:59,,,,,,,,,,,,
False,0.06351189831000563,50505.657100,18649088,0,0.000000,630.073350,630.073350,1.587117,2024-05-22 20:34:00,,,,,,,,,,,,
False,0.06340971754673798,50505.657100,18649088,0,0.000000,630.073350,630.073350,1.587117,2024-05-22 20:34:01,,,,,,,,,,,,
False,0.06330613379480804,50505.657100,18653184,0,0.000000,630.073350,630.073350,1.587117,2024-05-22 20:34:02,,,,,,,,,,,,
False,0.06320434260046254,50505.657100,18657280,0,0.000000,630.073350,630.073350,1.587117,2024-05-22 20:34:03,,,,,,,,,,,,
False,0.0631016026837518,50505.657100,18657280,0,0.000000,630.073350,630.073350,1.587117,2024-05-22 20:34:04,,,,,,,,,,,,
False,0.06300020029120446,50505.657100,18669568,0,0.000000,630.073350,630.073350,1.587117,2024-05-22 20:34:05,,,,,,,,,,,,
False,0.06289796177445253,50505.657100,18669568,0,0.000000,630.073350,630.073350,1.587117,2024-05-22 20:34:06,,,,,,,,,,,,
False,0.06279741230246161,50505.657100,18673664,0,0.000000,630.073350,630.073350,1.587117,2024-05-22 20:34:07,,,,,,,,,,,,
False,0.06269734102447402,50505.657100,18673664,0,0.000000,630.073350,630.073350,1.587117,2024-05-22 20:34:08,,,,,,,,,,,,
False,0.06259615308943763,50505.657100,18677760,0,0.000000,630.073350,630.073350,1.587117,2024-05-22 20:34:09,,,,,,,,,,,,
False,0.06249626712296325,50505.657100,18685952,0,0.000000,630.073350,630.073350,1.587117,2024-05-22 20:34:10,,,,,,,,,,,,
False,0.062395487558339784,50505.657100,18685952,0,0.000000,630.073350,630.073350,1.587117,2024-05-22 20:34:11,,,,,,,,,,,,
False,0.06229624093683907,50505.657100,18694144,0,0.000000,630.073350,630.073350,1.587117,2024-05-22 20:34:12,,,,,,,,,,,,
False,0.06219734909253634,50505.657100,18694144,0,0.000000,630.073350,630.073350,1.587117,2024-05-22 20:34:13,,,,,,,,,,,,
False,0.062099124319283314,50505.657100,18698240,0,0.000000,630.073350,630.073350,1.587117,2024-05-22 20:34:14,,,,,,,,,,,,
False,0.0619995087867603,50505.657100,18702336,0,0.000000,630.073350,630.073350,1.587117,2024-05-22 20:34:15,,,,,,,,,,,,
False,0.061902250701607715,50505.657100,18706432,0,0.000000,630.073350,630.073350,1.587117,2024-05-22 20:34:16,,,,,,,,,,,,
False,0.06180346573492316,50505.657100,18710528,0,0.000000,630.073350,630.073350,1.587117,2024-05-22 20:34:17,,,,,,,,,,,,
False,0.113807,104347.380400,118337536,0,253.749777,1272.214989,1018.465212,0.786031,2024-05-22 20:34:18,localhost:50006,2024-05-22 20:34:18.0219936 +0900 KST m=+631.530142601,1.587117,118759424,630.073350,314669.746600,localhost:50002,2024-05-22 20:34:18.7464215 +0900 KST m=+633.062544501,0.074043,0,0.000000,630.073350
False,0.07393131663151882,314669.746600,118378496,0,0.000000,648.392160,648.392160,1.542277,2024-05-22 20:34:19,,,,,,,,,,,,
